ticket_id,created_at,category,priority,description,resolution_time_hours,satisfaction_score
1000,2025-03-03 08:37,Account_Access,High,Need access to the shared finance drive for a project,2.4,4.8
1001,2025-03-03 15:12,Hardware,Low,Laptop won't power on at all,35.5,4.4
1002,2025-03-03 07:48,Printer,Low,Can't add the new printer to my laptop,5.8,3.2
1003,2025-03-03 12:06,Printer,Low,Can't add the new printer to my laptop,3.6,4.9
1004,2025-03-03 07:46,Network_VPN,Medium,VPN keeps disconnecting every few minutes,6.9,2.4
1005,2025-03-03 17:39,Hardware,Critical,Laptop won't power on at all,10.4,4.3
1006,2025-03-03 10:49,Email,Medium,Outlook stuck in offline mode,8.1,2.1
1007,2025-03-03 14:40,Account_Access,High,Locked out of my account after password expired,2.9,4.1
1008,2025-03-03 17:41,Email,Medium,Emails to external clients are bouncing back,5.0,3.9
1009,2025-03-03 11:59,Network_VPN,Medium,"Cannot connect to VPN, authentication failed error",6.2,4.2
1010,2025-03-03 07:14,Software,Low,Software freezes whenever I try to export a file,13.1,3.2
1011,2025-03-03 16:56,Email,Medium,Outlook stuck in offline mode,4.1,4.9
1012,2025-03-03 14:09,Printer,Medium,Print jobs stuck in queue and won't clear,4.8,3.4
1013,2025-03-03 13:57,Account_Access,High,Need access to the shared finance drive for a project,2.0,4.6
1014,2025-03-03 08:48,Software,Low,License activation error on design software,24.0,2.8
1015,2025-03-03 16:04,Network_VPN,Medium,VPN keeps disconnecting every few minutes,5.5,4.5
1016,2025-03-03 07:43,Hardware,Critical,Laptop fan is extremely loud and it's overheating,13.0,5.0
1017,2025-03-03 09:29,Printer,Medium,Printer is printing blank pages,4.5,2.4
1018,2025-03-03 08:55,Network_VPN,Critical,Wi-Fi drops constantly in the east building,3.1,4.3
1019,2025-03-03 15:49,Software,Medium,Software freezes whenever I try to export a file,10.4,4.6
1020,2025-03-04 11:15,Email,Medium,Outlook stuck in offline mode,4.4,4.0
1021,2025-03-04 08:48,Network_VPN,Critical,VPN client won't launch after latest update,1.2,4.2
1022,2025-03-04 11:33,Hardware,Medium,Battery drains fully within an hour,47.0,2.8
1023,2025-03-04 18:12,Email,Critical,Not receiving any emails since this morning,3.1,4.6
1024,2025-03-04 15:28,Printer,Critical,Can't add the new printer to my laptop,1.7,4.2
1025,2025-03-04 16:14,Network_VPN,Low,"Cannot connect to VPN, authentication failed error",4.5,4.3
1026,2025-03-04 08:32,Network_VPN,Medium,VPN keeps disconnecting every few minutes,11.3,3.3
1027,2025-03-04 16:36,Account_Access,Medium,Requesting elevated access to the deployment pipeline,2.7,4.9
1028,2025-03-04 13:22,Hardware,High,Docking station won't detect external monitor,10.5,3.6
1029,2025-03-04 17:06,Hardware,Critical,Docking station won't detect external monitor,4.9,4.5
1030,2025-03-04 15:28,Network_VPN,High,Wi-Fi drops constantly in the east building,1.6,3.8
1031,2025-03-04 14:51,Network_VPN,Medium,"Cannot connect to VPN, authentication failed error",6.2,4.9
1032,2025-03-04 08:59,Email,Low,"Mailbox full, can't send or receive email",10.0,3.3
1033,2025-03-04 13:57,Printer,Low,Print jobs stuck in queue and won't clear,5.3,2.3
1034,2025-03-04 14:18,Network_VPN,Low,Very slow network speeds on corporate Wi-Fi,7.3,3.4
1035,2025-03-04 10:03,Hardware,High,Laptop fan is extremely loud and it's overheating,20.5,3.8
1036,2025-03-04 14:32,Software,Low,Software freezes whenever I try to export a file,12.9,2.1
1037,2025-03-04 08:38,Email,Low,Emails to external clients are bouncing back,6.9,3.3
1038,2025-03-04 16:38,Network_VPN,Medium,"Cannot connect to VPN, authentication failed error",11.6,2.9
1039,2025-03-04 11:13,Network_VPN,Medium,VPN keeps disconnecting every few minutes,8.8,2.8
1040,2025-03-04 11:29,Software,Low,License activation error on design software,14.3,3.0
1041,2025-03-04 08:04,Account_Access,Low,Locked out of my account after password expired,4.5,2.8
1042,2025-03-04 10:23,Hardware,Medium,Laptop fan is extremely loud and it's overheating,68.8,3.3
1043,2025-03-04 17:33,Account_Access,High,Requesting elevated access to the deployment pipeline,2.4,4.4
1044,2025-03-05 09:16,Software,Low,Software freezes whenever I try to export a file,18.6,3.4
1045,2025-03-05 10:45,Network_VPN,High,VPN keeps disconnecting every few minutes,1.9,3.9
1046,2025-03-05 07:05,Account_Access,Medium,Forgot my password and self-service reset isn't working,3.1,4.9
1047,2025-03-05 11:10,Software,Low,License activation error on design software,13.3,2.2
1048,2025-03-05 18:57,Printer,Medium,Can't add the new printer to my laptop,3.3,4.9
1049,2025-03-05 09:02,Network_VPN,High,VPN keeps disconnecting every few minutes,4.2,3.7
1050,2025-03-05 08:22,Account_Access,High,Locked out of my account after password expired,1.1,3.9
1051,2025-03-05 10:55,Printer,High,Can't add the new printer to my laptop,3.3,4.9
1052,2025-03-06 12:50,Security,Critical,Think I clicked a phishing link by accident,0.5,4.6
1053,2025-03-06 07:54,Security,High,Think I clicked a phishing link by accident,2.7,3.7
1054,2025-03-06 10:14,Hardware,High,Battery drains fully within an hour,19.7,4.0
1055,2025-03-06 11:22,Network_VPN,Medium,"Cannot connect to VPN, authentication failed error",6.4,3.6
1056,2025-03-06 07:07,Software,Medium,Requesting install of project management tool,21.5,2.5
1057,2025-03-06 08:38,Email,Medium,Outlook stuck in offline mode,9.8,2.4
1058,2025-03-06 16:12,Hardware,Medium,Screen cracked after laptop bag fell,71.2,2.2
1059,2025-03-06 18:47,Account_Access,Low,Requesting elevated access to the deployment pipeline,5.7,2.8
1060,2025-03-06 12:39,Printer,Low,Print jobs stuck in queue and won't clear,3.1,4.5
1061,2025-03-06 13:20,Account_Access,High,Locked out of my account after password expired,1.3,4.0
1062,2025-03-06 13:43,Hardware,High,Screen cracked after laptop bag fell,10.5,4.5
1063,2025-03-06 07:19,Printer,Medium,Print jobs stuck in queue and won't clear,4.3,2.8
1064,2025-03-06 14:28,Account_Access,High,Requesting elevated access to the deployment pipeline,2.2,4.0
1065,2025-03-07 16:21,Hardware,High,Battery drains fully within an hour,13.6,4.5
1066,2025-03-07 07:02,Network_VPN,High,"Cannot connect to VPN, authentication failed error",2.2,3.8
1067,2025-03-07 17:36,Account_Access,Medium,Requesting elevated access to the deployment pipeline,5.1,2.7
1068,2025-03-07 07:57,Network_VPN,Medium,Very slow network speeds on corporate Wi-Fi,6.2,4.5
1069,2025-03-07 18:33,Printer,Medium,Printer on 3rd floor is offline,3.9,4.7
1070,2025-03-07 14:42,Hardware,Medium,Laptop fan is extremely loud and it's overheating,64.8,2.7
1071,2025-03-07 16:52,Hardware,High,Laptop fan is extremely loud and it's overheating,36.3,4.8
1072,2025-03-07 18:55,Printer,Medium,Can't add the new printer to my laptop,5.6,3.3
1073,2025-03-07 15:31,Hardware,High,Screen cracked after laptop bag fell,32.6,3.9
1074,2025-03-07 12:20,Software,Medium,License activation error on design software,19.4,2.4
1075,2025-03-07 18:13,Email,Low,"Mailbox full, can't send or receive email",5.2,4.5
1076,2025-03-07 13:24,Network_VPN,Medium,Very slow network speeds on corporate Wi-Fi,7.9,2.1
1077,2025-03-07 07:22,Email,High,"Mailbox full, can't send or receive email",4.4,4.1
1078,2025-03-07 18:47,Account_Access,High,Requesting elevated access to the deployment pipeline,3.1,4.1
1079,2025-03-08 13:21,Printer,Medium,Print jobs stuck in queue and won't clear,4.2,4.2
1080,2025-03-08 16:34,Software,Medium,Requesting install of project management tool,21.4,3.4
1081,2025-03-08 13:08,Network_VPN,Medium,Very slow network speeds on corporate Wi-Fi,9.4,2.1
1082,2025-03-08 12:21,Email,Low,Emails to external clients are bouncing back,6.1,2.3
1083,2025-03-09 15:03,Account_Access,Medium,Requesting elevated access to the deployment pipeline,2.5,3.5
1084,2025-03-09 07:48,Security,Medium,Antivirus is flagging a file I downloaded,2.4,4.9
1085,2025-03-09 09:30,Network_VPN,Medium,"Cannot connect to VPN, authentication failed error",4.5,3.7
1086,2025-03-10 16:38,Software,Medium,Application keeps crashing on launch,12.0,4.1
1087,2025-03-10 16:01,Security,Critical,Received a suspicious email asking for my password,0.7,4.0
1088,2025-03-10 18:53,Security,High,My laptop is acting strange after opening an attachment,2.5,3.6
1089,2025-03-10 08:50,Software,Medium,Need Adobe Acrobat installed for contract review,12.8,3.0
1090,2025-03-10 15:41,Security,High,Received a suspicious email asking for my password,1.7,4.1
1091,2025-03-10 17:57,Account_Access,High,Requesting elevated access to the deployment pipeline,0.8,4.9
1092,2025-03-10 11:39,Email,Medium,Emails to external clients are bouncing back,8.3,3.4
1093,2025-03-10 12:54,Printer,Medium,Can't add the new printer to my laptop,7.1,2.9
1094,2025-03-10 16:39,Account_Access,Medium,Locked out of my account after password expired,3.9,3.1
1095,2025-03-10 10:22,Software,Low,License activation error on design software,21.6,2.3
1096,2025-03-10 15:00,Printer,Low,Printer is printing blank pages,5.9,3.3
1097,2025-03-10 10:44,Hardware,Low,Battery drains fully within an hour,58.7,2.7
1098,2025-03-10 13:44,Hardware,Medium,Docking station won't detect external monitor,25.2,3.9
1099,2025-03-10 18:35,Account_Access,Medium,New hire needs accounts provisioned before start date,4.3,2.5
1100,2025-03-11 10:20,Account_Access,Medium,Requesting elevated access to the deployment pipeline,3.1,3.7
1101,2025-03-11 18:30,Network_VPN,Critical,VPN client won't launch after latest update,2.9,3.8
1102,2025-03-11 08:53,Account_Access,Critical,New hire needs accounts provisioned before start date,1.2,3.9
1103,2025-03-11 09:17,Network_VPN,Medium,"Cannot connect to VPN, authentication failed error",6.6,3.1
1104,2025-03-11 14:06,Network_VPN,Medium,VPN keeps disconnecting every few minutes,9.7,2.2
1105,2025-03-11 07:16,Email,Medium,Outlook stuck in offline mode,6.5,2.3
1106,2025-03-11 16:40,Security,Medium,My laptop is acting strange after opening an attachment,2.4,4.2
1107,2025-03-11 10:07,Software,Low,Application keeps crashing on launch,17.0,2.5
1108,2025-03-11 15:24,Software,Medium,Requesting install of project management tool,20.6,2.3
1109,2025-03-11 16:39,Hardware,Medium,Docking station won't detect external monitor,52.4,2.6
1110,2025-03-11 17:05,Network_VPN,Critical,VPN keeps disconnecting every few minutes,1.6,3.8
1111,2025-03-11 18:38,Network_VPN,Medium,"Cannot connect to VPN, authentication failed error",5.5,4.1
1112,2025-03-11 14:04,Hardware,Medium,Laptop won't power on at all,58.1,3.1
1113,2025-03-11 10:27,Software,High,License activation error on design software,8.2,4.5
1114,2025-03-11 08:03,Network_VPN,High,"Cannot connect to VPN, authentication failed error",6.0,4.7
1115,2025-03-11 14:07,Network_VPN,Medium,Wi-Fi drops constantly in the east building,10.6,3.4
1116,2025-03-11 14:28,Hardware,High,Screen cracked after laptop bag fell,36.1,4.3
1117,2025-03-11 07:05,Network_VPN,High,VPN keeps disconnecting every few minutes,5.0,4.4
1118,2025-03-12 07:48,Security,Critical,Received a suspicious email asking for my password,1.4,3.9
1119,2025-03-12 16:27,Printer,Medium,Can't add the new printer to my laptop,5.1,2.4
1120,2025-03-12 12:42,Software,Critical,Requesting install of project management tool,3.7,4.1
1121,2025-03-12 13:52,Network_VPN,Medium,"Cannot connect to VPN, authentication failed error",9.6,2.4
1122,2025-03-12 13:55,Printer,Medium,Printer on 3rd floor is offline,4.4,2.5
1123,2025-03-12 10:33,Hardware,High,Laptop won't power on at all,22.4,4.1
1124,2025-03-12 15:08,Account_Access,Medium,Requesting elevated access to the deployment pipeline,5.1,2.3
1125,2025-03-12 17:38,Security,Critical,My laptop is acting strange after opening an attachment,1.2,3.5
1126,2025-03-12 10:53,Printer,Low,Print jobs stuck in queue and won't clear,2.8,4.1
1127,2025-03-12 18:18,Email,Critical,Not receiving any emails since this morning,2.5,3.7
1128,2025-03-12 14:35,Hardware,Medium,Screen cracked after laptop bag fell,47.4,2.7
1129,2025-03-12 08:17,Network_VPN,Critical,"Cannot connect to VPN, authentication failed error",2.4,4.8
1130,2025-03-12 07:18,Printer,Low,Can't add the new printer to my laptop,6.9,2.4
1131,2025-03-12 12:35,Printer,High,Can't add the new printer to my laptop,2.2,4.2
1132,2025-03-12 18:15,Printer,Medium,Can't add the new printer to my laptop,4.4,2.3
1133,2025-03-13 13:24,Hardware,Low,Docking station won't detect external monitor,59.8,3.1
1134,2025-03-13 16:21,Security,High,Think I clicked a phishing link by accident,0.6,4.3
1135,2025-03-13 09:26,Email,Low,Not receiving any emails since this morning,9.4,2.0
1136,2025-03-13 16:44,Email,Low,Emails to external clients are bouncing back,8.6,2.4
1137,2025-03-13 13:20,Hardware,Critical,Laptop won't power on at all,18.5,4.8
1138,2025-03-13 17:43,Software,High,Requesting install of project management tool,1.4,3.6
1139,2025-03-13 17:45,Security,Critical,Think I clicked a phishing link by accident,1.1,3.6
1140,2025-03-13 12:50,Email,Medium,Not receiving any emails since this morning,5.6,2.0
1141,2025-03-13 16:43,Network_VPN,Medium,Wi-Fi drops constantly in the east building,5.4,4.3
1142,2025-03-13 17:15,Printer,Low,Print jobs stuck in queue and won't clear,5.9,2.6
1143,2025-03-13 11:42,Hardware,Medium,Laptop fan is extremely loud and it's overheating,46.4,2.4
1144,2025-03-13 14:22,Network_VPN,Critical,Very slow network speeds on corporate Wi-Fi,2.9,3.7
1145,2025-03-13 11:12,Security,High,Antivirus is flagging a file I downloaded,1.7,3.9
1146,2025-03-13 11:44,Security,Medium,My laptop is acting strange after opening an attachment,3.6,2.5
1147,2025-03-13 18:03,Account_Access,Medium,Requesting elevated access to the deployment pipeline,4.3,3.0
1148,2025-03-13 10:38,Email,High,Not receiving any emails since this morning,5.1,4.7
1149,2025-03-13 18:49,Printer,Medium,Print jobs stuck in queue and won't clear,6.0,3.0
1150,2025-03-13 11:50,Software,Medium,Application keeps crashing on launch,22.4,3.0
1151,2025-03-13 12:47,Hardware,Medium,Laptop fan is extremely loud and it's overheating,30.7,4.9
1152,2025-03-13 15:32,Hardware,Medium,Battery drains fully within an hour,50.1,3.5
1153,2025-03-13 11:47,Email,Medium,Emails to external clients are bouncing back,8.9,2.7
1154,2025-03-13 10:55,Email,Medium,"Mailbox full, can't send or receive email",4.2,4.6
1155,2025-03-13 13:00,Software,Critical,Requesting install of project management tool,5.6,4.0
1156,2025-03-13 16:24,Account_Access,Medium,Locked out of my account after password expired,4.7,3.0
1157,2025-03-13 15:20,Email,Low,Outlook stuck in offline mode,5.2,3.5
1158,2025-03-13 18:19,Email,High,Emails to external clients are bouncing back,3.9,4.2
1159,2025-03-14 08:06,Hardware,Low,Battery drains fully within an hour,26.2,5.0
1160,2025-03-14 18:44,Account_Access,Low,New hire needs accounts provisioned before start date,3.9,3.0
1161,2025-03-14 17:06,Security,High,My laptop is acting strange after opening an attachment,2.5,4.8
1162,2025-03-14 10:28,Email,Critical,Not receiving any emails since this morning,1.6,4.5
1163,2025-03-14 15:57,Hardware,Critical,Battery drains fully within an hour,5.7,4.5
1164,2025-03-14 14:05,Security,Medium,Antivirus is flagging a file I downloaded,3.2,5.0
1165,2025-03-14 09:50,Software,Critical,Software freezes whenever I try to export a file,1.3,4.0
1166,2025-03-14 10:21,Software,High,Need Adobe Acrobat installed for contract review,7.4,4.4
1167,2025-03-14 15:16,Printer,Low,Printer on 3rd floor is offline,7.9,3.5
1168,2025-03-14 10:37,Printer,Medium,Printer on 3rd floor is offline,2.9,3.5
1169,2025-03-14 08:47,Account_Access,Medium,Need access to the shared finance drive for a project,2.6,4.1
1170,2025-03-14 15:14,Network_VPN,High,Very slow network speeds on corporate Wi-Fi,3.8,3.7
1171,2025-03-14 11:29,Security,Critical,Received a suspicious email asking for my password,1.7,4.5
1172,2025-03-14 17:06,Software,Low,Need Adobe Acrobat installed for contract review,15.6,2.6
1173,2025-03-14 08:08,Hardware,Low,Docking station won't detect external monitor,28.2,4.4
1174,2025-03-14 15:18,Account_Access,Medium,New hire needs accounts provisioned before start date,3.4,3.5
1175,2025-03-14 17:41,Hardware,Medium,Laptop fan is extremely loud and it's overheating,62.2,2.2
1176,2025-03-14 14:25,Email,Medium,Emails to external clients are bouncing back,9.3,2.6
1177,2025-03-14 09:43,Hardware,Medium,Laptop won't power on at all,39.3,2.4
1178,2025-03-14 18:47,Security,Medium,Received a suspicious email asking for my password,2.5,4.1
1179,2025-03-14 12:42,Account_Access,Medium,Need access to the shared finance drive for a project,4.4,2.8
1180,2025-03-14 18:03,Network_VPN,High,Wi-Fi drops constantly in the east building,6.2,4.1
1181,2025-03-14 17:30,Security,High,Antivirus is flagging a file I downloaded,2.1,3.8
1182,2025-03-14 11:36,Account_Access,Medium,Locked out of my account after password expired,4.3,2.2
1183,2025-03-14 16:43,Account_Access,High,Requesting elevated access to the deployment pipeline,3.2,4.7
1184,2025-03-14 07:11,Software,Medium,Need Adobe Acrobat installed for contract review,18.5,3.0
1185,2025-03-14 09:36,Account_Access,High,Forgot my password and self-service reset isn't working,1.5,3.8
1186,2025-03-14 18:33,Software,Low,Need Adobe Acrobat installed for contract review,18.1,2.0
1187,2025-03-15 16:38,Account_Access,Medium,Requesting elevated access to the deployment pipeline,3.6,3.1
1188,2025-03-17 13:31,Network_VPN,Low,VPN client won't launch after latest update,4.9,4.2
1189,2025-03-17 13:07,Software,Low,Requesting install of project management tool,20.1,2.2
1190,2025-03-17 13:38,Account_Access,Medium,New hire needs accounts provisioned before start date,4.7,2.1
1191,2025-03-17 11:18,Network_VPN,Medium,"Cannot connect to VPN, authentication failed error",5.9,3.7
1192,2025-03-17 15:45,Account_Access,Medium,Locked out of my account after password expired,3.8,2.2
1193,2025-03-17 18:02,Account_Access,High,New hire needs accounts provisioned before start date,2.7,3.6
1194,2025-03-17 16:25,Hardware,Critical,Docking station won't detect external monitor,18.7,4.4
1195,2025-03-17 09:51,Software,Low,Requesting install of project management tool,14.4,3.4
1196,2025-03-17 08:15,Security,Critical,My laptop is acting strange after opening an attachment,1.8,3.6
1197,2025-03-17 12:14,Hardware,High,Docking station won't detect external monitor,17.5,4.0
1198,2025-03-17 10:57,Account_Access,Low,Need access to the shared finance drive for a project,4.6,2.8
1199,2025-03-18 16:09,Account_Access,Medium,Need access to the shared finance drive for a project,2.7,3.8
1200,2025-03-18 16:48,Printer,Low,Printer on 3rd floor is offline,6.8,2.7
1201,2025-03-18 17:20,Software,Medium,Software freezes whenever I try to export a file,23.8,2.5
1202,2025-03-18 16:03,Network_VPN,Medium,VPN keeps disconnecting every few minutes,9.2,3.2
1203,2025-03-18 11:04,Account_Access,Medium,Locked out of my account after password expired,3.9,2.1
1204,2025-03-18 15:50,Software,Medium,Need Adobe Acrobat installed for contract review,16.1,2.7
1205,2025-03-18 12:38,Printer,Low,Printer on 3rd floor is offline,7.0,3.0
1206,2025-03-18 12:45,Hardware,Critical,Battery drains fully within an hour,11.7,4.7
1207,2025-03-18 15:33,Network_VPN,Low,"Cannot connect to VPN, authentication failed error",9.7,3.5
1208,2025-03-18 12:43,Software,Medium,License activation error on design software,12.5,4.1
1209,2025-03-18 11:16,Software,Low,License activation error on design software,9.4,4.5
1210,2025-03-18 12:19,Printer,Low,Print jobs stuck in queue and won't clear,5.8,2.2
1211,2025-03-18 15:24,Security,Medium,My laptop is acting strange after opening an attachment,4.9,2.1
1212,2025-03-18 18:43,Software,High,License activation error on design software,8.7,4.7
1213,2025-03-18 12:19,Email,High,"Mailbox full, can't send or receive email",2.9,4.0
1214,2025-03-18 09:09,Network_VPN,Medium,"Cannot connect to VPN, authentication failed error",10.2,2.3
1215,2025-03-18 15:02,Network_VPN,Medium,VPN keeps disconnecting every few minutes,8.5,3.1
1216,2025-03-18 18:49,Software,Low,Software freezes whenever I try to export a file,14.0,2.2
1217,2025-03-18 18:15,Software,Medium,Application keeps crashing on launch,8.6,4.0
1218,2025-03-19 14:57,Software,Low,Requesting install of project management tool,11.8,4.9
1219,2025-03-19 11:49,Email,High,Outlook stuck in offline mode,3.6,4.2
1220,2025-03-19 16:08,Hardware,Medium,Laptop fan is extremely loud and it's overheating,32.1,3.8
1221,2025-03-19 08:45,Email,High,"Mailbox full, can't send or receive email",4.9,4.3
1222,2025-03-19 15:09,Email,Medium,"Mailbox full, can't send or receive email",8.5,2.4
1223,2025-03-19 12:59,Email,Critical,"Mailbox full, can't send or receive email",1.5,4.2
1224,2025-03-19 08:23,Network_VPN,Medium,VPN keeps disconnecting every few minutes,7.2,2.6
1225,2025-03-19 09:08,Account_Access,High,Forgot my password and self-service reset isn't working,2.8,4.5
1226,2025-03-19 14:39,Network_VPN,High,Very slow network speeds on corporate Wi-Fi,1.8,4.6
1227,2025-03-19 18:38,Network_VPN,Low,VPN keeps disconnecting every few minutes,6.0,3.7
1228,2025-03-19 10:26,Hardware,High,Laptop won't power on at all,12.1,3.7
1229,2025-03-19 16:34,Software,Medium,Software freezes whenever I try to export a file,9.7,4.9
1230,2025-03-19 07:39,Network_VPN,Medium,VPN client won't launch after latest update,9.8,2.4
1231,2025-03-19 12:04,Account_Access,Medium,New hire needs accounts provisioned before start date,4.7,2.1
1232,2025-03-19 12:16,Security,High,Received a suspicious email asking for my password,1.8,4.5
1233,2025-03-19 17:06,Printer,Medium,Printer is printing blank pages,4.6,3.1
1234,2025-03-19 17:11,Printer,Low,Printer is printing blank pages,4.6,2.5
1235,2025-03-19 09:04,Email,Critical,Not receiving any emails since this morning,2.1,3.8
1236,2025-03-19 07:20,Printer,Low,Can't add the new printer to my laptop,3.8,4.7
1237,2025-03-19 17:12,Security,Critical,My laptop is acting strange after opening an attachment,1.2,3.9
1238,2025-03-19 12:27,Account_Access,High,Locked out of my account after password expired,1.4,3.7
1239,2025-03-19 14:44,Email,High,Not receiving any emails since this morning,2.7,5.0
1240,2025-03-20 13:38,Account_Access,Medium,New hire needs accounts provisioned before start date,2.5,4.1
1241,2025-03-20 17:18,Security,High,Think I clicked a phishing link by accident,1.4,3.6
1242,2025-03-20 14:02,Account_Access,High,New hire needs accounts provisioned before start date,1.0,4.2
1243,2025-03-20 07:04,Printer,Medium,Printer is printing blank pages,5.0,3.0
1244,2025-03-20 07:09,Software,Medium,Requesting install of project management tool,20.8,3.0
1245,2025-03-20 12:23,Email,Low,Not receiving any emails since this morning,4.1,4.7
1246,2025-03-20 12:23,Hardware,Low,Laptop fan is extremely loud and it's overheating,31.7,4.2
1247,2025-03-20 17:17,Hardware,High,Laptop won't power on at all,22.0,4.1
1248,2025-03-20 15:07,Account_Access,Low,Locked out of my account after password expired,2.9,4.3
1249,2025-03-20 18:58,Account_Access,High,Forgot my password and self-service reset isn't working,1.1,4.4
1250,2025-03-20 18:28,Security,Medium,Think I clicked a phishing link by accident,5.4,2.7
1251,2025-03-20 11:57,Security,High,Antivirus is flagging a file I downloaded,2.5,4.3
1252,2025-03-20 12:32,Account_Access,High,Need access to the shared finance drive for a project,3.1,4.5
1253,2025-03-20 12:35,Account_Access,High,Need access to the shared finance drive for a project,1.2,4.2
1254,2025-03-20 08:04,Software,High,Requesting install of project management tool,7.3,4.4
1255,2025-03-20 08:08,Account_Access,Medium,Requesting elevated access to the deployment pipeline,5.1,3.2
1256,2025-03-20 15:40,Security,High,Received a suspicious email asking for my password,2.4,4.0
1257,2025-03-20 08:33,Software,Medium,Application keeps crashing on launch,22.6,2.1
1258,2025-03-20 15:57,Network_VPN,Medium,"Cannot connect to VPN, authentication failed error",11.5,2.3
1259,2025-03-20 09:40,Account_Access,Medium,Locked out of my account after password expired,4.6,2.8
1260,2025-03-20 16:09,Account_Access,Low,New hire needs accounts provisioned before start date,4.6,2.9
1261,2025-03-20 16:02,Network_VPN,High,VPN client won't launch after latest update,4.3,4.8
1262,2025-03-20 11:41,Email,Low,"Mailbox full, can't send or receive email",9.7,3.2
1263,2025-03-21 15:18,Printer,Medium,Can't add the new printer to my laptop,2.9,4.8
1264,2025-03-21 11:29,Software,Medium,License activation error on design software,20.9,3.0
1265,2025-03-21 12:38,Network_VPN,Medium,VPN keeps disconnecting every few minutes,7.5,2.7
1266,2025-03-21 09:48,Network_VPN,High,Wi-Fi drops constantly in the east building,5.7,5.0
1267,2025-03-21 14:15,Account_Access,Low,New hire needs accounts provisioned before start date,3.1,3.7
1268,2025-03-21 10:55,Network_VPN,Medium,VPN keeps disconnecting every few minutes,7.3,2.9
1269,2025-03-21 09:31,Email,Critical,Outlook stuck in offline mode,2.6,3.8
1270,2025-03-21 13:32,Security,High,My laptop is acting strange after opening an attachment,1.3,3.5
1271,2025-03-21 14:38,Hardware,Medium,Battery drains fully within an hour,41.2,2.1
1272,2025-03-21 09:56,Email,Medium,Not receiving any emails since this morning,3.8,3.7
1273,2025-03-21 16:35,Account_Access,High,Forgot my password and self-service reset isn't working,1.5,4.1
1274,2025-03-21 15:17,Network_VPN,Medium,VPN client won't launch after latest update,7.3,2.7
1275,2025-03-21 12:35,Email,Low,"Mailbox full, can't send or receive email",4.3,4.1
1276,2025-03-21 07:02,Security,Medium,Think I clicked a phishing link by accident,4.1,2.8
1277,2025-03-22 09:20,Printer,Medium,Can't add the new printer to my laptop,3.5,4.8
1278,2025-03-23 12:32,Account_Access,Critical,Requesting elevated access to the deployment pipeline,1.5,3.9
1279,2025-03-23 12:21,Email,High,Not receiving any emails since this morning,2.3,4.7
1280,2025-03-23 18:40,Software,Medium,Requesting install of project management tool,20.7,3.1
1281,2025-03-23 16:36,Network_VPN,Medium,Very slow network speeds on corporate Wi-Fi,9.3,3.5
1282,2025-03-24 13:09,Printer,Low,Can't add the new printer to my laptop,6.1,2.9
1283,2025-03-24 07:28,Email,Low,Emails to external clients are bouncing back,9.7,2.2
1284,2025-03-24 16:58,Account_Access,Medium,Need access to the shared finance drive for a project,2.9,4.3
1285,2025-03-24 17:30,Hardware,High,Laptop won't power on at all,21.6,4.3
1286,2025-03-24 15:22,Hardware,Critical,Screen cracked after laptop bag fell,11.8,4.3
1287,2025-03-24 15:19,Software,Medium,License activation error on design software,11.0,3.9
1288,2025-03-24 14:20,Account_Access,High,Forgot my password and self-service reset isn't working,2.4,4.5
1289,2025-03-24 08:36,Hardware,Critical,Laptop fan is extremely loud and it's overheating,17.5,3.9
1290,2025-03-24 09:18,Software,High,Requesting install of project management tool,5.5,4.0
1291,2025-03-24 14:13,Network_VPN,Medium,VPN keeps disconnecting every few minutes,7.7,2.4
1292,2025-03-24 08:39,Account_Access,Medium,New hire needs accounts provisioned before start date,4.3,2.4
1293,2025-03-24 17:14,Printer,Low,Print jobs stuck in queue and won't clear,6.3,2.8
1294,2025-03-24 09:00,Network_VPN,Medium,Very slow network speeds on corporate Wi-Fi,7.9,3.0
1295,2025-03-24 14:41,Security,High,Think I clicked a phishing link by accident,3.1,4.8
1296,2025-03-24 08:41,Network_VPN,Medium,Wi-Fi drops constantly in the east building,9.3,3.4
1297,2025-03-24 09:26,Software,Medium,Software freezes whenever I try to export a file,21.6,2.1
1298,2025-03-24 14:11,Email,Critical,Emails to external clients are bouncing back,1.1,4.8
1299,2025-03-24 08:59,Security,Critical,Antivirus is flagging a file I downloaded,0.5,4.4
1300,2025-03-24 09:54,Security,High,Antivirus is flagging a file I downloaded,2.3,4.3
1301,2025-03-25 17:16,Hardware,High,Battery drains fully within an hour,15.2,4.6
1302,2025-03-25 10:11,Printer,Medium,Printer on 3rd floor is offline,6.9,2.9
1303,2025-03-25 17:06,Software,High,Requesting install of project management tool,6.9,3.6
1304,2025-03-25 13:15,Network_VPN,Medium,"Cannot connect to VPN, authentication failed error",11.5,2.0
1305,2025-03-25 07:16,Hardware,Critical,Screen cracked after laptop bag fell,9.1,4.6
1306,2025-03-25 13:43,Software,Low,Application keeps crashing on launch,9.8,4.0
1307,2025-03-25 12:39,Hardware,High,Screen cracked after laptop bag fell,25.7,4.9
1308,2025-03-25 12:26,Account_Access,Medium,Need access to the shared finance drive for a project,3.9,3.5
1309,2025-03-25 10:43,Software,High,Requesting install of project management tool,10.2,4.7
1310,2025-03-25 16:07,Printer,Medium,Printer on 3rd floor is offline,5.5,2.5
1311,2025-03-25 09:20,Network_VPN,Critical,VPN client won't launch after latest update,1.6,4.3
1312,2025-03-25 08:57,Email,Low,Not receiving any emails since this morning,5.0,4.4
1313,2025-03-25 07:35,Hardware,High,Laptop won't power on at all,21.5,4.2
1314,2025-03-25 18:13,Hardware,High,Screen cracked after laptop bag fell,17.5,4.7
1315,2025-03-25 07:59,Software,Medium,Need Adobe Acrobat installed for contract review,19.2,2.8
1316,2025-03-25 17:46,Email,Low,Not receiving any emails since this morning,6.3,3.2
1317,2025-03-25 13:24,Software,Medium,Requesting install of project management tool,22.3,2.7
1318,2025-03-25 15:25,Network_VPN,Low,VPN client won't launch after latest update,10.9,2.2
1319,2025-03-25 14:43,Hardware,High,Battery drains fully within an hour,29.7,5.0
1320,2025-03-25 12:09,Printer,Medium,Can't add the new printer to my laptop,7.1,2.4
1321,2025-03-25 07:15,Account_Access,Low,Locked out of my account after password expired,4.7,2.9
1322,2025-03-25 07:15,Account_Access,Medium,Locked out of my account after password expired,3.9,3.0
1323,2025-03-25 07:08,Printer,Low,Can't add the new printer to my laptop,5.6,3.1
1324,2025-03-25 16:38,Hardware,Medium,Screen cracked after laptop bag fell,68.0,2.9
1325,2025-03-26 11:03,Account_Access,Critical,Need access to the shared finance drive for a project,1.2,4.1
1326,2025-03-26 13:35,Software,High,Software freezes whenever I try to export a file,11.5,4.4
1327,2025-03-26 12:44,Hardware,Critical,Screen cracked after laptop bag fell,15.4,4.7
1328,2025-03-26 10:54,Hardware,Medium,Battery drains fully within an hour,33.2,4.3
1329,2025-03-26 13:35,Account_Access,High,Need access to the shared finance drive for a project,3.0,4.3
1330,2025-03-26 14:54,Hardware,Medium,Docking station won't detect external monitor,34.1,4.5
1331,2025-03-26 17:38,Account_Access,High,New hire needs accounts provisioned before start date,1.0,3.9
1332,2025-03-26 15:13,Software,Low,Need Adobe Acrobat installed for contract review,20.2,3.1
1333,2025-03-26 10:47,Hardware,Medium,Screen cracked after laptop bag fell,67.7,2.3
1334,2025-03-26 13:58,Network_VPN,Critical,Very slow network speeds on corporate Wi-Fi,2.9,4.6
1335,2025-03-26 12:19,Account_Access,High,Forgot my password and self-service reset isn't working,1.5,4.3
1336,2025-03-26 18:30,Account_Access,High,New hire needs accounts provisioned before start date,1.8,4.7
1337,2025-03-26 16:55,Printer,High,Printer is printing blank pages,1.9,4.1
1338,2025-03-26 18:26,Account_Access,Low,Need access to the shared finance drive for a project,4.3,2.9
1339,2025-03-26 14:35,Account_Access,Medium,Need access to the shared finance drive for a project,3.6,3.3
1340,2025-03-26 17:47,Software,Low,License activation error on design software,21.1,3.4
1341,2025-03-26 15:31,Hardware,High,Battery drains fully within an hour,16.0,3.7
1342,2025-03-26 08:52,Network_VPN,Critical,VPN client won't launch after latest update,3.6,4.3
1343,2025-03-27 09:00,Printer,Low,Can't add the new printer to my laptop,6.1,2.1
1344,2025-03-27 16:58,Account_Access,Medium,Requesting elevated access to the deployment pipeline,4.5,3.0
1345,2025-03-27 07:33,Hardware,Low,Docking station won't detect external monitor,49.7,2.6
1346,2025-03-27 09:06,Printer,Low,Printer is printing blank pages,7.0,3.0
1347,2025-03-27 12:17,Email,Medium,Emails to external clients are bouncing back,7.6,2.4
1348,2025-03-27 18:14,Printer,Low,Printer on 3rd floor is offline,4.9,2.8
1349,2025-03-27 08:25,Account_Access,Medium,Locked out of my account after password expired,5.5,3.1
1350,2025-03-27 08:31,Account_Access,Medium,New hire needs accounts provisioned before start date,4.6,3.1
1351,2025-03-27 15:58,Email,Medium,Outlook stuck in offline mode,9.1,2.1
1352,2025-03-28 11:57,Account_Access,Medium,New hire needs accounts provisioned before start date,2.3,3.6
1353,2025-03-28 10:37,Hardware,Medium,Laptop won't power on at all,64.9,2.0
1354,2025-03-28 16:53,Network_VPN,Critical,Very slow network speeds on corporate Wi-Fi,1.8,4.3
1355,2025-03-28 18:46,Email,Medium,Outlook stuck in offline mode,8.4,3.2
1356,2025-03-28 12:38,Network_VPN,Low,Wi-Fi drops constantly in the east building,7.7,3.3
1357,2025-03-28 14:31,Printer,High,Can't add the new printer to my laptop,1.7,4.5
1358,2025-03-28 17:24,Account_Access,High,New hire needs accounts provisioned before start date,1.7,4.5
1359,2025-03-28 11:09,Network_VPN,Medium,VPN client won't launch after latest update,6.2,3.6
1360,2025-03-28 07:19,Account_Access,High,Need access to the shared finance drive for a project,1.4,3.7
1361,2025-03-29 15:35,Account_Access,Low,Forgot my password and self-service reset isn't working,2.5,4.1
1362,2025-03-29 16:50,Hardware,Low,Laptop won't power on at all,41.2,2.1
1363,2025-03-29 18:57,Account_Access,Low,Requesting elevated access to the deployment pipeline,3.7,3.2
1364,2025-03-30 09:17,Email,Medium,Emails to external clients are bouncing back,4.8,4.1
1365,2025-03-30 11:30,Account_Access,Low,Requesting elevated access to the deployment pipeline,2.8,3.9
1366,2025-03-30 16:39,Printer,Low,Printer is printing blank pages,4.0,4.4
1367,2025-03-30 16:24,Network_VPN,Low,VPN keeps disconnecting every few minutes,4.4,4.1
1368,2025-03-31 09:19,Hardware,High,Docking station won't detect external monitor,33.2,5.0
1369,2025-03-31 12:18,Account_Access,Medium,Need access to the shared finance drive for a project,2.8,4.1
1370,2025-03-31 11:52,Printer,High,Can't add the new printer to my laptop,3.4,4.0
1371,2025-03-31 15:11,Printer,Low,Printer is printing blank pages,5.7,2.9
1372,2025-03-31 10:28,Software,Low,Software freezes whenever I try to export a file,19.6,3.4
1373,2025-03-31 14:08,Printer,Medium,Printer on 3rd floor is offline,6.9,2.6
1374,2025-03-31 13:04,Software,Low,Application keeps crashing on launch,10.4,4.1
1375,2025-03-31 18:26,Hardware,High,Laptop fan is extremely loud and it's overheating,17.6,4.3
1376,2025-03-31 08:06,Hardware,High,Screen cracked after laptop bag fell,31.6,4.4
1377,2025-03-31 17:43,Printer,Low,Printer is printing blank pages,6.0,2.8
1378,2025-03-31 11:14,Software,Critical,License activation error on design software,3.5,3.5
1379,2025-03-31 12:25,Hardware,High,Laptop fan is extremely loud and it's overheating,27.4,3.8
1380,2025-03-31 14:06,Hardware,High,Laptop fan is extremely loud and it's overheating,9.1,5.0
1381,2025-03-31 11:21,Account_Access,Low,Locked out of my account after password expired,5.8,2.2
1382,2025-03-31 18:44,Hardware,High,Battery drains fully within an hour,15.8,3.6
1383,2025-03-31 12:41,Hardware,Medium,Laptop won't power on at all,63.0,2.2
1384,2025-03-31 15:10,Network_VPN,Critical,"Cannot connect to VPN, authentication failed error",3.0,4.3
1385,2025-03-31 09:11,Account_Access,Critical,Requesting elevated access to the deployment pipeline,0.8,4.1
1386,2025-03-31 14:37,Software,Medium,Requesting install of project management tool,19.8,3.3
1387,2025-03-31 08:36,Hardware,High,Laptop won't power on at all,11.0,4.6
1388,2025-03-31 11:42,Network_VPN,Medium,VPN client won't launch after latest update,6.8,2.7
1389,2025-03-31 12:22,Email,Medium,Outlook stuck in offline mode,7.6,2.9
1390,2025-03-31 16:37,Email,High,Emails to external clients are bouncing back,4.2,3.9
1391,2025-04-01 18:09,Software,Low,License activation error on design software,12.8,2.3
1392,2025-04-01 14:40,Hardware,High,Docking station won't detect external monitor,23.5,4.1
1393,2025-04-01 12:53,Hardware,High,Battery drains fully within an hour,20.6,3.7
1394,2025-04-01 10:52,Hardware,Critical,Laptop won't power on at all,20.2,4.2
1395,2025-04-01 13:45,Hardware,High,Laptop fan is extremely loud and it's overheating,20.8,4.5
1396,2025-04-01 10:18,Email,Medium,Not receiving any emails since this morning,7.3,3.2
1397,2025-04-01 18:49,Network_VPN,Medium,"Cannot connect to VPN, authentication failed error",5.6,4.2
1398,2025-04-01 12:34,Printer,Medium,Printer on 3rd floor is offline,4.2,4.3
1399,2025-04-01 13:06,Email,High,"Mailbox full, can't send or receive email",3.0,3.8
1400,2025-04-01 12:55,Printer,Low,Print jobs stuck in queue and won't clear,8.0,2.7
1401,2025-04-02 16:44,Hardware,High,Laptop won't power on at all,12.1,4.7
1402,2025-04-02 10:52,Account_Access,Medium,New hire needs accounts provisioned before start date,2.8,3.7
1403,2025-04-02 09:20,Account_Access,Medium,Locked out of my account after password expired,4.2,2.9
1404,2025-04-02 17:52,Security,High,Antivirus is flagging a file I downloaded,1.2,4.8
1405,2025-04-02 09:44,Network_VPN,Critical,Very slow network speeds on corporate Wi-Fi,3.7,4.8
1406,2025-04-02 17:25,Email,Low,Emails to external clients are bouncing back,5.7,2.4
1407,2025-04-02 08:40,Hardware,High,Laptop fan is extremely loud and it's overheating,25.3,4.1
1408,2025-04-02 12:29,Printer,Low,Printer on 3rd floor is offline,6.7,3.0
1409,2025-04-02 08:46,Security,High,Antivirus is flagging a file I downloaded,2.9,4.8
1410,2025-04-02 13:52,Security,Critical,Antivirus is flagging a file I downloaded,1.6,4.1
1411,2025-04-03 16:54,Hardware,High,Screen cracked after laptop bag fell,15.5,4.4
1412,2025-04-03 17:50,Hardware,Critical,Screen cracked after laptop bag fell,17.0,3.6
1413,2025-04-03 07:27,Email,Low,"Mailbox full, can't send or receive email",9.1,2.7
1414,2025-04-03 11:05,Account_Access,High,Need access to the shared finance drive for a project,1.3,4.8
1415,2025-04-03 07:25,Software,Low,License activation error on design software,18.6,3.0
1416,2025-04-03 10:30,Software,Medium,Application keeps crashing on launch,9.4,3.6
1417,2025-04-03 18:21,Network_VPN,Medium,VPN client won't launch after latest update,9.5,2.0
1418,2025-04-03 08:46,Email,High,Not receiving any emails since this morning,3.1,3.8
1419,2025-04-03 09:41,Printer,Low,Printer on 3rd floor is offline,7.4,2.2
1420,2025-04-03 09:28,Security,Medium,Think I clicked a phishing link by accident,4.3,2.9
1421,2025-04-03 17:28,Account_Access,Medium,Need access to the shared finance drive for a project,2.7,4.1
1422,2025-04-03 18:24,Email,High,"Mailbox full, can't send or receive email",1.6,3.7
1423,2025-04-03 08:15,Account_Access,Medium,Requesting elevated access to the deployment pipeline,2.7,3.9
1424,2025-04-03 07:54,Software,Medium,Software freezes whenever I try to export a file,12.5,4.9
1425,2025-04-04 07:50,Account_Access,Medium,New hire needs accounts provisioned before start date,5.0,2.4
1426,2025-04-04 16:04,Email,Medium,Emails to external clients are bouncing back,4.4,4.2
1427,2025-04-04 16:26,Hardware,Critical,Laptop won't power on at all,19.9,3.7
1428,2025-04-04 07:37,Account_Access,High,Need access to the shared finance drive for a project,3.1,4.7
1429,2025-04-04 13:32,Network_VPN,Medium,Wi-Fi drops constantly in the east building,11.4,3.4
1430,2025-04-04 17:34,Account_Access,High,New hire needs accounts provisioned before start date,1.7,4.1
1431,2025-04-04 10:51,Hardware,Medium,Battery drains fully within an hour,39.2,2.8
1432,2025-04-04 17:41,Network_VPN,Medium,Wi-Fi drops constantly in the east building,9.2,3.3
1433,2025-04-04 08:59,Network_VPN,High,Very slow network speeds on corporate Wi-Fi,5.7,3.6
1434,2025-04-04 17:47,Hardware,High,Docking station won't detect external monitor,5.9,4.5
1435,2025-04-04 12:33,Network_VPN,High,VPN keeps disconnecting every few minutes,4.9,3.7
1436,2025-04-04 11:46,Hardware,Medium,Screen cracked after laptop bag fell,30.4,4.7
1437,2025-04-04 11:45,Email,Medium,"Mailbox full, can't send or receive email",6.4,2.8
1438,2025-04-04 16:10,Security,High,Received a suspicious email asking for my password,1.9,3.6
1439,2025-04-04 08:14,Account_Access,High,Forgot my password and self-service reset isn't working,3.0,4.5
1440,2025-04-04 14:23,Printer,Low,Printer on 3rd floor is offline,7.3,2.4
1441,2025-04-04 18:47,Hardware,Medium,Battery drains fully within an hour,70.1,2.1
1442,2025-04-05 08:36,Account_Access,Medium,Need access to the shared finance drive for a project,4.9,2.4
1443,2025-04-05 15:02,Account_Access,Medium,New hire needs accounts provisioned before start date,2.4,3.8
1444,2025-04-05 11:20,Security,Critical,Received a suspicious email asking for my password,1.7,4.7
1445,2025-04-07 16:15,Hardware,Medium,Screen cracked after laptop bag fell,51.2,2.5
1446,2025-04-07 18:57,Hardware,Critical,Laptop fan is extremely loud and it's overheating,21.0,4.7
1447,2025-04-07 15:22,Hardware,Medium,Battery drains fully within an hour,68.8,2.0
1448,2025-04-07 18:46,Software,Critical,Need Adobe Acrobat installed for contract review,1.0,4.5
1449,2025-04-07 07:09,Account_Access,Medium,Need access to the shared finance drive for a project,3.1,4.2
1450,2025-04-07 13:44,Printer,Low,Printer on 3rd floor is offline,4.0,4.8
1451,2025-04-07 09:40,Email,Critical,Not receiving any emails since this morning,1.2,3.6
1452,2025-04-07 09:15,Email,Medium,"Mailbox full, can't send or receive email",4.1,4.5
1453,2025-04-07 12:20,Account_Access,High,Forgot my password and self-service reset isn't working,1.6,4.7
1454,2025-04-07 16:06,Hardware,Low,Battery drains fully within an hour,34.0,4.7
1455,2025-04-07 12:49,Network_VPN,Medium,"Cannot connect to VPN, authentication failed error",6.7,2.2
1456,2025-04-07 17:19,Account_Access,Medium,Forgot my password and self-service reset isn't working,5.4,2.1
1457,2025-04-07 18:15,Email,Medium,"Mailbox full, can't send or receive email",9.1,2.2
1458,2025-04-07 09:01,Security,High,My laptop is acting strange after opening an attachment,2.4,3.9
1459,2025-04-07 08:51,Security,High,My laptop is acting strange after opening an attachment,2.0,3.6
1460,2025-04-07 09:12,Printer,Low,Printer on 3rd floor is offline,7.1,3.5
1461,2025-04-07 16:16,Email,High,Outlook stuck in offline mode,5.2,3.6
1462,2025-04-07 14:51,Email,Low,"Mailbox full, can't send or receive email",4.1,4.9
1463,2025-04-07 16:27,Network_VPN,Low,Wi-Fi drops constantly in the east building,11.6,2.1
1464,2025-04-07 12:13,Email,Medium,Not receiving any emails since this morning,6.1,2.6
1465,2025-04-07 16:39,Email,Medium,Outlook stuck in offline mode,9.3,2.1
1466,2025-04-07 08:17,Account_Access,Medium,Forgot my password and self-service reset isn't working,5.5,2.7
1467,2025-04-07 17:51,Hardware,Medium,Docking station won't detect external monitor,66.5,2.8
1468,2025-04-07 15:50,Hardware,Critical,Laptop won't power on at all,17.3,4.0
1469,2025-04-07 12:38,Hardware,High,Laptop fan is extremely loud and it's overheating,17.2,3.8
1470,2025-04-07 16:14,Account_Access,Low,Forgot my password and self-service reset isn't working,6.0,2.8
1471,2025-04-07 18:03,Security,Medium,Received a suspicious email asking for my password,3.1,4.3
1472,2025-04-07 09:11,Printer,Medium,Print jobs stuck in queue and won't clear,7.9,2.6
1473,2025-04-07 07:45,Account_Access,High,Forgot my password and self-service reset isn't working,2.4,4.9
1474,2025-04-07 14:34,Software,Medium,Software freezes whenever I try to export a file,17.0,2.3
1475,2025-04-07 07:33,Account_Access,Low,Requesting elevated access to the deployment pipeline,2.4,4.4
1476,2025-04-07 18:11,Hardware,Critical,Screen cracked after laptop bag fell,7.4,3.7
1477,2025-04-08 15:55,Network_VPN,Medium,"Cannot connect to VPN, authentication failed error",11.4,3.2
1478,2025-04-08 08:21,Account_Access,Medium,Locked out of my account after password expired,5.8,2.6
1479,2025-04-08 17:31,Account_Access,Critical,Need access to the shared finance drive for a project,1.5,4.2
1480,2025-04-08 16:50,Software,Medium,Application keeps crashing on launch,16.9,3.3
1481,2025-04-08 11:08,Account_Access,High,New hire needs accounts provisioned before start date,1.5,4.6
1482,2025-04-08 16:02,Network_VPN,Critical,VPN keeps disconnecting every few minutes,3.6,4.1
1483,2025-04-08 16:06,Network_VPN,Critical,Wi-Fi drops constantly in the east building,3.7,3.8
1484,2025-04-08 12:10,Security,High,Think I clicked a phishing link by accident,0.7,4.0
1485,2025-04-08 12:28,Software,High,Need Adobe Acrobat installed for contract review,8.7,4.6
1486,2025-04-08 08:46,Network_VPN,Medium,"Cannot connect to VPN, authentication failed error",4.8,3.9
1487,2025-04-08 13:31,Network_VPN,Medium,Very slow network speeds on corporate Wi-Fi,7.5,2.2
1488,2025-04-08 16:41,Email,Medium,Outlook stuck in offline mode,4.3,4.2
1489,2025-04-08 11:01,Printer,Low,Print jobs stuck in queue and won't clear,3.1,4.8
1490,2025-04-08 18:04,Account_Access,Low,Locked out of my account after password expired,2.8,4.1
1491,2025-04-08 18:01,Hardware,Medium,Laptop won't power on at all,71.3,3.3
1492,2025-04-08 12:13,Hardware,High,Battery drains fully within an hour,18.8,3.6
1493,2025-04-08 11:42,Security,High,My laptop is acting strange after opening an attachment,2.5,4.6
1494,2025-04-08 14:09,Account_Access,Low,Need access to the shared finance drive for a project,3.7,2.8
1495,2025-04-09 14:12,Account_Access,Low,Requesting elevated access to the deployment pipeline,5.3,2.9
1496,2025-04-09 08:19,Network_VPN,Medium,"Cannot connect to VPN, authentication failed error",6.5,3.6
1497,2025-04-09 15:24,Printer,Medium,Can't add the new printer to my laptop,6.2,2.1
1498,2025-04-09 14:16,Network_VPN,Medium,Very slow network speeds on corporate Wi-Fi,7.7,2.4
1499,2025-04-09 08:05,Account_Access,Medium,Forgot my password and self-service reset isn't working,2.7,4.5
1500,2025-04-09 07:53,Software,Medium,Software freezes whenever I try to export a file,20.1,2.3
1501,2025-04-09 14:36,Hardware,Medium,Laptop fan is extremely loud and it's overheating,49.9,3.3
1502,2025-04-09 07:32,Email,Medium,Not receiving any emails since this morning,6.2,3.3
1503,2025-04-09 08:48,Software,High,Software freezes whenever I try to export a file,8.8,4.4
1504,2025-04-10 13:05,Network_VPN,Critical,"Cannot connect to VPN, authentication failed error",3.2,3.7
1505,2025-04-10 16:16,Security,Medium,My laptop is acting strange after opening an attachment,5.3,2.2
1506,2025-04-10 11:33,Account_Access,Low,Locked out of my account after password expired,4.3,2.8
1507,2025-04-10 13:07,Hardware,High,Laptop won't power on at all,25.2,4.3
1508,2025-04-10 08:59,Hardware,High,Battery drains fully within an hour,23.8,4.9
1509,2025-04-10 13:16,Network_VPN,High,VPN keeps disconnecting every few minutes,5.8,4.8
1510,2025-04-10 13:09,Hardware,High,Docking station won't detect external monitor,20.1,3.8
1511,2025-04-10 10:03,Software,Low,Requesting install of project management tool,22.2,2.5
1512,2025-04-10 11:19,Printer,High,Printer is printing blank pages,0.6,4.7
1513,2025-04-10 10:08,Account_Access,High,Requesting elevated access to the deployment pipeline,2.4,5.0
1514,2025-04-10 16:41,Account_Access,High,Requesting elevated access to the deployment pipeline,1.4,4.6
1515,2025-04-10 15:55,Network_VPN,Medium,Very slow network speeds on corporate Wi-Fi,10.6,3.1
1516,2025-04-10 15:25,Account_Access,Medium,Locked out of my account after password expired,2.8,4.0
1517,2025-04-10 10:53,Network_VPN,High,VPN client won't launch after latest update,1.2,3.8
1518,2025-04-10 11:23,Network_VPN,Medium,VPN keeps disconnecting every few minutes,11.4,3.1
1519,2025-04-10 12:31,Email,High,Not receiving any emails since this morning,1.6,3.5
1520,2025-04-10 12:10,Software,Critical,Application keeps crashing on launch,3.7,4.3
1521,2025-04-10 13:03,Email,High,Outlook stuck in offline mode,4.1,3.9
1522,2025-04-10 10:43,Network_VPN,High,VPN client won't launch after latest update,2.2,3.8
1523,2025-04-10 17:00,Account_Access,Medium,Requesting elevated access to the deployment pipeline,5.5,3.5
1524,2025-04-10 11:38,Hardware,High,Battery drains fully within an hour,24.4,3.5
1525,2025-04-10 13:54,Printer,Medium,Printer is printing blank pages,6.5,2.4
1526,2025-04-11 13:37,Hardware,High,Battery drains fully within an hour,27.0,4.7
1527,2025-04-11 15:41,Network_VPN,Critical,VPN client won't launch after latest update,3.7,4.8
1528,2025-04-11 11:40,Software,Low,License activation error on design software,9.6,3.6
1529,2025-04-11 11:12,Account_Access,Medium,Forgot my password and self-service reset isn't working,4.9,3.3
1530,2025-04-11 16:25,Network_VPN,High,"Cannot connect to VPN, authentication failed error",5.4,4.7
1531,2025-04-11 11:58,Software,Medium,Application keeps crashing on launch,18.5,3.5
1532,2025-04-11 10:21,Hardware,High,Docking station won't detect external monitor,23.8,5.0
1533,2025-04-11 17:22,Printer,Medium,Print jobs stuck in queue and won't clear,6.1,2.7
1534,2025-04-11 08:30,Hardware,High,Battery drains fully within an hour,33.8,3.8
1535,2025-04-11 17:57,Network_VPN,High,Wi-Fi drops constantly in the east building,4.1,4.9
1536,2025-04-11 13:50,Account_Access,Medium,Locked out of my account after password expired,3.0,4.8
1537,2025-04-11 14:03,Email,Medium,Outlook stuck in offline mode,5.6,3.3
1538,2025-04-11 17:24,Email,Medium,"Mailbox full, can't send or receive email",4.9,3.7
1539,2025-04-11 10:21,Hardware,Low,Docking station won't detect external monitor,65.1,2.2
1540,2025-04-11 18:11,Hardware,Critical,Laptop fan is extremely loud and it's overheating,20.8,3.7
1541,2025-04-11 07:00,Printer,Low,Can't add the new printer to my laptop,7.9,2.5
1542,2025-04-11 14:50,Hardware,High,Battery drains fully within an hour,9.7,4.6
1543,2025-04-11 13:30,Printer,Low,Printer on 3rd floor is offline,5.0,2.6
1544,2025-04-11 12:48,Hardware,High,Laptop won't power on at all,28.8,4.9
1545,2025-04-12 12:19,Network_VPN,High,VPN keeps disconnecting every few minutes,2.4,4.5
1546,2025-04-12 07:19,Network_VPN,Medium,Very slow network speeds on corporate Wi-Fi,6.7,2.1
1547,2025-04-12 17:08,Security,Critical,My laptop is acting strange after opening an attachment,1.3,4.0
1548,2025-04-12 13:01,Account_Access,Medium,Requesting elevated access to the deployment pipeline,2.9,4.9
1549,2025-04-13 08:23,Account_Access,Medium,Need access to the shared finance drive for a project,2.2,4.3
1550,2025-04-14 07:38,Printer,High,Can't add the new printer to my laptop,1.5,4.3
1551,2025-04-14 13:28,Security,High,Received a suspicious email asking for my password,0.6,4.5
1552,2025-04-14 17:40,Hardware,Medium,Laptop fan is extremely loud and it's overheating,57.8,2.3
1553,2025-04-14 16:44,Network_VPN,High,Very slow network speeds on corporate Wi-Fi,4.6,3.9
1554,2025-04-14 08:31,Network_VPN,Medium,VPN keeps disconnecting every few minutes,9.1,2.4
1555,2025-04-14 12:45,Network_VPN,High,"Cannot connect to VPN, authentication failed error",5.6,5.0
1556,2025-04-14 14:21,Hardware,Low,Battery drains fully within an hour,48.0,2.3
1557,2025-04-14 17:31,Account_Access,Medium,Locked out of my account after password expired,5.6,3.3
1558,2025-04-14 11:41,Network_VPN,High,VPN keeps disconnecting every few minutes,1.4,4.6
1559,2025-04-14 07:54,Account_Access,Medium,Forgot my password and self-service reset isn't working,2.3,4.7
1560,2025-04-14 07:00,Account_Access,Medium,Forgot my password and self-service reset isn't working,2.6,4.8
1561,2025-04-14 11:56,Email,Medium,Emails to external clients are bouncing back,9.3,3.4
1562,2025-04-14 14:17,Printer,Medium,Printer is printing blank pages,3.7,4.1
1563,2025-04-14 08:08,Email,High,Not receiving any emails since this morning,3.9,4.7
1564,2025-04-14 16:30,Software,Critical,Need Adobe Acrobat installed for contract review,5.9,3.7
1565,2025-04-14 07:55,Printer,Low,Can't add the new printer to my laptop,4.7,2.5
1566,2025-04-14 14:02,Software,Medium,Application keeps crashing on launch,15.8,3.3
1567,2025-04-14 18:36,Network_VPN,Low,Wi-Fi drops constantly in the east building,11.0,2.8
1568,2025-04-14 15:44,Printer,High,Print jobs stuck in queue and won't clear,3.0,4.0
1569,2025-04-14 17:43,Software,Medium,Need Adobe Acrobat installed for contract review,19.6,2.7
1570,2025-04-14 07:00,Software,High,Application keeps crashing on launch,7.4,5.0
1571,2025-04-14 09:04,Software,Medium,Application keeps crashing on launch,15.5,2.7
1572,2025-04-14 10:35,Printer,Low,Printer is printing blank pages,7.8,2.1
1573,2025-04-14 16:28,Software,High,Requesting install of project management tool,1.9,4.2
1574,2025-04-14 17:01,Network_VPN,Medium,Very slow network speeds on corporate Wi-Fi,5.2,4.2
1575,2025-04-14 16:39,Network_VPN,Low,Very slow network speeds on corporate Wi-Fi,8.5,3.2
1576,2025-04-14 12:23,Software,Medium,Software freezes whenever I try to export a file,18.4,2.7
1577,2025-04-14 16:30,Email,High,Emails to external clients are bouncing back,2.5,4.7
1578,2025-04-14 10:00,Printer,Medium,Printer is printing blank pages,3.3,4.6
1579,2025-04-14 09:31,Account_Access,Medium,Forgot my password and self-service reset isn't working,3.6,2.2
1580,2025-04-14 13:13,Network_VPN,Low,Very slow network speeds on corporate Wi-Fi,9.0,2.3
1581,2025-04-14 17:53,Hardware,High,Battery drains fully within an hour,7.7,4.1
1582,2025-04-14 15:08,Software,High,Need Adobe Acrobat installed for contract review,6.2,4.5
1583,2025-04-14 16:30,Security,High,Received a suspicious email asking for my password,0.6,4.9
1584,2025-04-14 08:24,Security,High,Think I clicked a phishing link by accident,1.0,4.7
1585,2025-04-14 16:58,Software,High,Software freezes whenever I try to export a file,6.8,4.1
1586,2025-04-15 13:38,Account_Access,Critical,Forgot my password and self-service reset isn't working,1.1,3.7
1587,2025-04-15 18:47,Software,Low,Software freezes whenever I try to export a file,19.2,3.3
1588,2025-04-15 12:58,Security,Medium,Think I clicked a phishing link by accident,4.6,2.4
1589,2025-04-15 08:48,Software,Medium,Application keeps crashing on launch,19.1,2.5
1590,2025-04-15 17:47,Account_Access,Medium,Requesting elevated access to the deployment pipeline,5.8,3.1
1591,2025-04-15 08:01,Email,High,Outlook stuck in offline mode,2.9,3.5
1592,2025-04-15 09:18,Hardware,High,Laptop won't power on at all,10.8,4.6
1593,2025-04-15 15:02,Software,High,Application keeps crashing on launch,8.9,3.9
1594,2025-04-15 10:47,Account_Access,Low,Requesting elevated access to the deployment pipeline,5.5,3.1
1595,2025-04-15 11:44,Software,Low,Requesting install of project management tool,20.5,3.2
1596,2025-04-15 12:35,Software,Medium,Requesting install of project management tool,23.3,3.5
1597,2025-04-15 14:53,Network_VPN,Medium,Wi-Fi drops constantly in the east building,11.0,3.3
1598,2025-04-15 18:12,Account_Access,High,Forgot my password and self-service reset isn't working,2.0,4.4
1599,2025-04-15 18:32,Account_Access,Critical,Need access to the shared finance drive for a project,0.6,4.9
1600,2025-04-15 16:54,Network_VPN,Medium,VPN keeps disconnecting every few minutes,8.6,2.2
1601,2025-04-16 12:38,Network_VPN,High,Very slow network speeds on corporate Wi-Fi,1.9,3.7
1602,2025-04-16 15:22,Network_VPN,High,VPN client won't launch after latest update,2.7,4.7
1603,2025-04-16 15:10,Network_VPN,Medium,Wi-Fi drops constantly in the east building,11.7,2.8
1604,2025-04-16 17:21,Hardware,Medium,Laptop fan is extremely loud and it's overheating,41.0,3.3
1605,2025-04-16 15:52,Account_Access,Medium,Forgot my password and self-service reset isn't working,5.0,2.8
1606,2025-04-16 17:39,Printer,Low,Printer on 3rd floor is offline,4.6,2.4
1607,2025-04-16 08:24,Email,Critical,Emails to external clients are bouncing back,2.5,4.0
1608,2025-04-16 15:51,Account_Access,Low,Forgot my password and self-service reset isn't working,4.1,3.2
1609,2025-04-16 15:05,Hardware,Low,Docking station won't detect external monitor,67.2,2.3
1610,2025-04-16 17:04,Security,Critical,Think I clicked a phishing link by accident,1.6,4.3
1611,2025-04-16 15:53,Account_Access,High,Need access to the shared finance drive for a project,1.7,3.7
1612,2025-04-16 09:01,Software,Medium,Requesting install of project management tool,23.0,3.1
1613,2025-04-16 11:35,Hardware,Low,Screen cracked after laptop bag fell,27.9,3.8
1614,2025-04-16 13:27,Network_VPN,Critical,"Cannot connect to VPN, authentication failed error",2.1,4.2
1615,2025-04-16 16:04,Account_Access,Medium,Requesting elevated access to the deployment pipeline,4.2,3.0
1616,2025-04-16 08:18,Printer,Medium,Printer on 3rd floor is offline,3.1,4.9
1617,2025-04-17 17:01,Software,High,License activation error on design software,6.0,4.1
1618,2025-04-17 15:18,Hardware,Medium,Laptop fan is extremely loud and it's overheating,59.9,3.2
1619,2025-04-17 18:41,Security,High,Think I clicked a phishing link by accident,2.9,4.9
1620,2025-04-17 07:36,Account_Access,Medium,Locked out of my account after password expired,4.3,2.2
1621,2025-04-17 18:57,Software,Medium,Software freezes whenever I try to export a file,9.3,3.8
1622,2025-04-17 09:11,Printer,Low,Print jobs stuck in queue and won't clear,6.1,2.8
1623,2025-04-17 07:54,Account_Access,Low,Forgot my password and self-service reset isn't working,2.8,4.7
1624,2025-04-17 11:06,Printer,Medium,Can't add the new printer to my laptop,3.1,4.5
1625,2025-04-17 17:15,Network_VPN,Medium,VPN client won't launch after latest update,6.8,2.2
1626,2025-04-17 12:39,Network_VPN,Low,VPN client won't launch after latest update,5.8,4.2
1627,2025-04-17 13:10,Software,Low,Software freezes whenever I try to export a file,17.0,3.2
1628,2025-04-17 11:53,Network_VPN,High,"Cannot connect to VPN, authentication failed error",4.9,4.5
1629,2025-04-17 11:31,Account_Access,High,Forgot my password and self-service reset isn't working,1.8,4.0
1630,2025-04-17 09:57,Software,Medium,Application keeps crashing on launch,9.2,3.9
1631,2025-04-17 07:54,Hardware,High,Screen cracked after laptop bag fell,25.3,4.6
1632,2025-04-17 10:58,Hardware,High,Laptop won't power on at all,23.7,4.7
1633,2025-04-17 09:23,Network_VPN,Medium,Wi-Fi drops constantly in the east building,12.0,2.7
1634,2025-04-18 15:05,Account_Access,High,New hire needs accounts provisioned before start date,1.3,4.2
1635,2025-04-18 16:43,Hardware,Low,Laptop fan is extremely loud and it's overheating,35.8,4.9
1636,2025-04-18 16:42,Network_VPN,Low,VPN client won't launch after latest update,5.5,4.3
1637,2025-04-18 10:48,Email,High,Emails to external clients are bouncing back,3.2,4.0
1638,2025-04-18 15:58,Hardware,Medium,Laptop won't power on at all,35.5,4.5
1639,2025-04-18 17:20,Printer,Medium,Can't add the new printer to my laptop,5.1,2.1
1640,2025-04-18 16:34,Network_VPN,High,VPN client won't launch after latest update,2.5,4.6
1641,2025-04-18 08:33,Software,Medium,Requesting install of project management tool,13.8,3.0
1642,2025-04-18 14:50,Account_Access,Medium,Need access to the shared finance drive for a project,3.5,3.3
1643,2025-04-18 10:04,Hardware,Low,Laptop fan is extremely loud and it's overheating,66.4,2.7
1644,2025-04-18 18:52,Hardware,Medium,Screen cracked after laptop bag fell,33.3,4.0
1645,2025-04-18 17:30,Network_VPN,Medium,"Cannot connect to VPN, authentication failed error",6.8,2.2
1646,2025-04-18 07:08,Hardware,Medium,Laptop fan is extremely loud and it's overheating,64.1,2.0
1647,2025-04-18 09:03,Software,Low,Application keeps crashing on launch,16.2,3.3
1648,2025-04-18 17:01,Network_VPN,Medium,"Cannot connect to VPN, authentication failed error",7.4,3.5
1649,2025-04-18 14:55,Email,Critical,Outlook stuck in offline mode,1.5,4.4
1650,2025-04-18 09:39,Hardware,High,Battery drains fully within an hour,24.4,4.7
1651,2025-04-18 16:37,Software,Low,License activation error on design software,18.9,3.4
1652,2025-04-18 15:43,Network_VPN,Medium,Very slow network speeds on corporate Wi-Fi,5.1,3.8
1653,2025-04-18 16:02,Hardware,High,Battery drains fully within an hour,10.0,4.9
1654,2025-04-19 15:52,Hardware,Low,Laptop won't power on at all,55.8,3.4
1655,2025-04-19 15:27,Network_VPN,Medium,Very slow network speeds on corporate Wi-Fi,7.2,2.1
1656,2025-04-19 18:58,Account_Access,High,Requesting elevated access to the deployment pipeline,1.5,4.4
1657,2025-04-19 08:18,Printer,Low,Printer on 3rd floor is offline,4.1,4.6
1658,2025-04-20 07:36,Email,Medium,Not receiving any emails since this morning,3.7,4.6
1659,2025-04-20 12:26,Hardware,Low,Laptop fan is extremely loud and it's overheating,55.6,3.0
1660,2025-04-20 15:27,Account_Access,Medium,Need access to the shared finance drive for a project,4.4,2.4
1661,2025-04-20 13:35,Software,Low,Software freezes whenever I try to export a file,18.9,3.1
1662,2025-04-21 16:22,Hardware,High,Screen cracked after laptop bag fell,20.4,5.0
1663,2025-04-21 18:14,Printer,Medium,Can't add the new printer to my laptop,7.2,3.0
1664,2025-04-21 15:39,Hardware,Medium,Battery drains fully within an hour,48.6,3.2
1665,2025-04-21 08:52,Software,Low,Need Adobe Acrobat installed for contract review,23.4,2.0
1666,2025-04-21 08:38,Network_VPN,Medium,VPN client won't launch after latest update,4.8,3.8
1667,2025-04-21 11:45,Network_VPN,Critical,Very slow network speeds on corporate Wi-Fi,2.1,4.5
1668,2025-04-21 14:00,Security,Critical,Received a suspicious email asking for my password,1.6,4.5
1669,2025-04-21 15:44,Account_Access,Medium,New hire needs accounts provisioned before start date,2.3,4.4
1670,2025-04-21 09:05,Account_Access,Medium,Need access to the shared finance drive for a project,3.5,3.0
1671,2025-04-21 15:00,Security,High,My laptop is acting strange after opening an attachment,1.6,4.4
1672,2025-04-21 15:58,Printer,High,Printer on 3rd floor is offline,2.6,4.6
1673,2025-04-21 10:29,Software,Critical,License activation error on design software,2.6,4.4
1674,2025-04-21 08:32,Security,High,Received a suspicious email asking for my password,1.6,3.7
1675,2025-04-21 16:16,Account_Access,High,Locked out of my account after password expired,3.1,4.8
1676,2025-04-21 14:43,Software,Medium,Requesting install of project management tool,20.3,3.1
1677,2025-04-21 13:40,Hardware,Critical,Laptop fan is extremely loud and it's overheating,12.2,3.9
1678,2025-04-21 12:33,Printer,Medium,Print jobs stuck in queue and won't clear,4.0,4.0
1679,2025-04-21 12:04,Hardware,Medium,Screen cracked after laptop bag fell,28.8,4.5
1680,2025-04-21 11:11,Software,Medium,Application keeps crashing on launch,13.6,3.3
1681,2025-04-21 11:13,Security,High,Think I clicked a phishing link by accident,1.0,4.6
1682,2025-04-21 08:58,Account_Access,High,Need access to the shared finance drive for a project,1.5,4.7
1683,2025-04-21 07:54,Network_VPN,High,Very slow network speeds on corporate Wi-Fi,5.2,4.3
1684,2025-04-21 16:55,Hardware,Medium,Laptop fan is extremely loud and it's overheating,67.2,3.3
1685,2025-04-21 10:48,Account_Access,Critical,Need access to the shared finance drive for a project,1.8,3.9
1686,2025-04-21 07:32,Software,Medium,Need Adobe Acrobat installed for contract review,14.7,3.4
1687,2025-04-21 12:44,Account_Access,Medium,Need access to the shared finance drive for a project,2.6,4.3
1688,2025-04-21 11:11,Network_VPN,Medium,"Cannot connect to VPN, authentication failed error",5.1,4.0
1689,2025-04-21 09:31,Hardware,Medium,Battery drains fully within an hour,70.0,2.5
1690,2025-04-21 11:28,Hardware,High,Docking station won't detect external monitor,16.7,4.8
1691,2025-04-21 18:17,Network_VPN,Critical,"Cannot connect to VPN, authentication failed error",2.9,4.7
1692,2025-04-21 18:09,Printer,High,Can't add the new printer to my laptop,1.2,4.7
1693,2025-04-21 17:33,Hardware,Medium,Laptop won't power on at all,48.2,3.5
1694,2025-04-22 13:06,Printer,Low,Can't add the new printer to my laptop,5.7,2.9
1695,2025-04-22 08:28,Software,Low,Need Adobe Acrobat installed for contract review,12.0,4.8
1696,2025-04-22 11:22,Printer,Low,Printer is printing blank pages,5.7,3.4
1697,2025-04-22 16:36,Network_VPN,Medium,VPN keeps disconnecting every few minutes,9.5,2.9
1698,2025-04-22 17:32,Software,Low,Software freezes whenever I try to export a file,20.5,2.5
1699,2025-04-22 17:09,Hardware,Critical,Docking station won't detect external monitor,10.5,3.9
1700,2025-04-22 08:05,Email,Medium,Outlook stuck in offline mode,7.6,2.6
1701,2025-04-22 16:41,Network_VPN,Medium,"Cannot connect to VPN, authentication failed error",9.3,3.1
1702,2025-04-22 15:28,Hardware,High,Docking station won't detect external monitor,35.9,4.6
1703,2025-04-22 11:47,Hardware,Critical,Battery drains fully within an hour,6.1,3.9
1704,2025-04-22 14:35,Software,Low,Need Adobe Acrobat installed for contract review,14.3,2.1
1705,2025-04-22 16:09,Network_VPN,Medium,Very slow network speeds on corporate Wi-Fi,12.0,2.2
1706,2025-04-22 17:08,Network_VPN,Medium,Very slow network speeds on corporate Wi-Fi,6.2,3.9
1707,2025-04-22 12:55,Network_VPN,Low,"Cannot connect to VPN, authentication failed error",9.4,3.3
1708,2025-04-22 18:34,Hardware,Critical,Laptop fan is extremely loud and it's overheating,13.3,3.7
1709,2025-04-22 13:33,Network_VPN,Medium,VPN client won't launch after latest update,10.1,3.3
1710,2025-04-22 08:28,Software,Medium,Software freezes whenever I try to export a file,13.5,2.8
1711,2025-04-22 09:22,Account_Access,Medium,Requesting elevated access to the deployment pipeline,3.3,2.0
1712,2025-04-22 14:19,Account_Access,Low,New hire needs accounts provisioned before start date,5.7,3.4
1713,2025-04-22 15:23,Network_VPN,High,Very slow network speeds on corporate Wi-Fi,4.3,4.7
1714,2025-04-22 17:24,Network_VPN,Medium,VPN client won't launch after latest update,6.2,4.6
1715,2025-04-22 16:51,Email,Medium,Emails to external clients are bouncing back,6.4,2.4
1716,2025-04-22 13:12,Software,Low,License activation error on design software,19.9,3.2
1717,2025-04-22 14:17,Email,Low,Emails to external clients are bouncing back,4.4,4.2
1718,2025-04-22 15:01,Software,Low,Requesting install of project management tool,8.2,3.6
1719,2025-04-23 10:05,Security,High,Antivirus is flagging a file I downloaded,2.5,4.6
1720,2025-04-23 14:23,Network_VPN,Medium,Very slow network speeds on corporate Wi-Fi,7.5,3.2
1721,2025-04-23 07:17,Hardware,Medium,Laptop won't power on at all,64.6,3.4
1722,2025-04-23 11:52,Printer,Medium,Printer on 3rd floor is offline,3.7,4.8
1723,2025-04-23 14:15,Hardware,Medium,Laptop won't power on at all,61.0,2.4
1724,2025-04-23 17:13,Printer,Low,Printer on 3rd floor is offline,6.6,2.1
1725,2025-04-23 18:59,Hardware,Critical,Screen cracked after laptop bag fell,6.7,4.6
1726,2025-04-23 07:55,Hardware,Medium,Laptop won't power on at all,54.8,2.3
1727,2025-04-23 11:37,Software,Low,Need Adobe Acrobat installed for contract review,14.9,2.0
1728,2025-04-23 14:44,Network_VPN,Low,"Cannot connect to VPN, authentication failed error",4.6,4.7
1729,2025-04-23 17:39,Software,High,License activation error on design software,3.9,4.2
1730,2025-04-23 08:08,Account_Access,Low,Locked out of my account after password expired,4.6,3.1
1731,2025-04-23 14:46,Hardware,Critical,Screen cracked after laptop bag fell,17.4,4.6
1732,2025-04-24 14:45,Network_VPN,Medium,Very slow network speeds on corporate Wi-Fi,5.3,4.8
1733,2025-04-24 15:22,Hardware,High,Screen cracked after laptop bag fell,20.7,4.4
1734,2025-04-24 15:10,Account_Access,Medium,Requesting elevated access to the deployment pipeline,5.4,3.4
1735,2025-04-24 14:00,Network_VPN,Medium,"Cannot connect to VPN, authentication failed error",10.6,2.8
1736,2025-04-24 12:49,Printer,Medium,Can't add the new printer to my laptop,7.4,2.9
1737,2025-04-24 13:12,Software,Medium,License activation error on design software,18.5,2.8
1738,2025-04-24 13:41,Hardware,High,Docking station won't detect external monitor,9.2,3.9
1739,2025-04-24 09:11,Account_Access,Medium,Locked out of my account after password expired,2.4,4.8
1740,2025-04-24 17:53,Email,Low,Emails to external clients are bouncing back,4.9,3.5
1741,2025-04-24 12:14,Hardware,High,Docking station won't detect external monitor,27.8,3.9
1742,2025-04-24 08:29,Software,Low,Need Adobe Acrobat installed for contract review,22.7,3.0
1743,2025-04-24 12:50,Printer,Low,Printer on 3rd floor is offline,6.7,3.3
1744,2025-04-24 11:04,Software,Low,Software freezes whenever I try to export a file,8.6,3.6
1745,2025-04-24 10:33,Security,Medium,Received a suspicious email asking for my password,3.0,4.1
1746,2025-04-25 17:36,Software,Medium,Application keeps crashing on launch,16.9,3.1
1747,2025-04-25 09:35,Account_Access,High,Requesting elevated access to the deployment pipeline,1.7,3.7
1748,2025-04-25 12:57,Hardware,High,Screen cracked after laptop bag fell,22.2,4.4
1749,2025-04-25 18:20,Account_Access,High,Forgot my password and self-service reset isn't working,1.6,4.4
1750,2025-04-25 18:16,Software,Medium,Software freezes whenever I try to export a file,13.9,2.8
1751,2025-04-25 11:38,Account_Access,Medium,Requesting elevated access to the deployment pipeline,3.7,3.1
1752,2025-04-25 10:13,Network_VPN,Critical,"Cannot connect to VPN, authentication failed error",1.8,4.0
1753,2025-04-25 15:32,Email,High,"Mailbox full, can't send or receive email",5.2,4.7
1754,2025-04-25 09:16,Software,Low,Software freezes whenever I try to export a file,8.5,4.0
1755,2025-04-25 16:25,Account_Access,Medium,New hire needs accounts provisioned before start date,3.1,4.0
1756,2025-04-25 09:31,Software,Medium,Application keeps crashing on launch,19.5,3.2
1757,2025-04-25 16:24,Email,Medium,"Mailbox full, can't send or receive email",5.6,3.1
1758,2025-04-25 13:26,Network_VPN,Critical,VPN keeps disconnecting every few minutes,1.9,4.8
1759,2025-04-25 16:59,Security,Critical,Received a suspicious email asking for my password,0.8,4.5
1760,2025-04-25 16:09,Network_VPN,Low,Very slow network speeds on corporate Wi-Fi,8.3,2.5
1761,2025-04-26 14:48,Hardware,Medium,Battery drains fully within an hour,56.5,3.5
1762,2025-04-26 09:08,Software,Low,Software freezes whenever I try to export a file,14.9,3.2
1763,2025-04-27 13:32,Network_VPN,High,VPN client won't launch after latest update,4.0,3.9
1764,2025-04-27 13:41,Hardware,High,Battery drains fully within an hour,20.4,3.8
1765,2025-04-28 11:49,Network_VPN,Critical,VPN client won't launch after latest update,2.4,3.9
1766,2025-04-28 12:12,Hardware,Low,Laptop fan is extremely loud and it's overheating,56.4,2.6
1767,2025-04-28 12:39,Account_Access,Medium,New hire needs accounts provisioned before start date,5.1,2.3
1768,2025-04-28 10:12,Email,High,Not receiving any emails since this morning,3.0,4.9
1769,2025-04-28 07:15,Software,High,Application keeps crashing on launch,10.8,3.7
1770,2025-04-28 18:51,Security,Critical,Think I clicked a phishing link by accident,1.6,3.5
1771,2025-04-28 10:13,Network_VPN,Medium,Very slow network speeds on corporate Wi-Fi,6.9,3.1
1772,2025-04-28 18:44,Hardware,High,Screen cracked after laptop bag fell,25.2,5.0
1773,2025-04-28 09:03,Software,Medium,Requesting install of project management tool,18.6,2.1
1774,2025-04-28 08:24,Account_Access,Medium,New hire needs accounts provisioned before start date,3.9,3.4
1775,2025-04-28 17:24,Software,High,License activation error on design software,1.2,4.8
1776,2025-04-28 14:55,Account_Access,Medium,Requesting elevated access to the deployment pipeline,4.9,3.4
1777,2025-04-28 18:01,Software,Low,Need Adobe Acrobat installed for contract review,16.0,2.7
1778,2025-04-28 07:22,Network_VPN,Medium,VPN client won't launch after latest update,8.1,3.1
1779,2025-04-28 15:17,Software,Medium,License activation error on design software,11.7,5.0
1780,2025-04-28 07:35,Email,High,Outlook stuck in offline mode,5.0,4.7
1781,2025-04-28 08:46,Security,Medium,Think I clicked a phishing link by accident,5.6,3.0
1782,2025-04-28 16:09,Hardware,Critical,Laptop fan is extremely loud and it's overheating,15.7,4.1
1783,2025-04-28 10:41,Hardware,Critical,Screen cracked after laptop bag fell,9.6,4.3
1784,2025-04-28 18:45,Network_VPN,High,VPN client won't launch after latest update,2.1,3.7
1785,2025-04-28 17:59,Email,Medium,Emails to external clients are bouncing back,9.4,3.2
1786,2025-04-28 08:11,Software,Medium,Application keeps crashing on launch,16.9,3.4
1787,2025-04-28 13:26,Account_Access,High,Need access to the shared finance drive for a project,2.6,4.8
1788,2025-04-28 07:48,Account_Access,Low,Forgot my password and self-service reset isn't working,2.9,3.7
1789,2025-04-28 10:43,Security,High,Antivirus is flagging a file I downloaded,2.2,4.4
1790,2025-04-28 16:30,Network_VPN,High,VPN keeps disconnecting every few minutes,3.6,4.3
1791,2025-04-28 09:12,Printer,Low,Printer is printing blank pages,4.8,2.7
1792,2025-04-28 13:14,Account_Access,High,Requesting elevated access to the deployment pipeline,0.5,3.9
1793,2025-04-28 14:55,Printer,Medium,Print jobs stuck in queue and won't clear,3.1,4.9
1794,2025-04-28 07:38,Software,High,License activation error on design software,11.2,4.1
1795,2025-04-28 16:38,Printer,Medium,Can't add the new printer to my laptop,4.8,3.4
1796,2025-04-28 07:56,Hardware,High,Laptop won't power on at all,19.4,4.7
1797,2025-04-28 17:03,Security,Critical,My laptop is acting strange after opening an attachment,0.6,4.1
1798,2025-04-29 09:27,Account_Access,High,Requesting elevated access to the deployment pipeline,2.6,3.9
1799,2025-04-29 17:28,Account_Access,Medium,Locked out of my account after password expired,5.6,2.7
1800,2025-04-29 18:34,Network_VPN,Low,VPN client won't launch after latest update,10.3,3.4
1801,2025-04-29 18:57,Network_VPN,Medium,Very slow network speeds on corporate Wi-Fi,4.5,4.2
1802,2025-04-29 18:50,Account_Access,Low,Requesting elevated access to the deployment pipeline,3.4,3.0
1803,2025-04-29 08:33,Network_VPN,Low,VPN keeps disconnecting every few minutes,9.7,3.0
1804,2025-04-29 07:49,Software,Medium,Software freezes whenever I try to export a file,10.5,4.3
1805,2025-04-29 09:11,Network_VPN,Medium,Wi-Fi drops constantly in the east building,9.4,2.2
1806,2025-04-29 14:18,Printer,Low,Printer on 3rd floor is offline,4.4,3.2
1807,2025-04-29 11:00,Software,High,Need Adobe Acrobat installed for contract review,12.0,3.5
1808,2025-04-29 10:13,Hardware,High,Docking station won't detect external monitor,4.2,4.8
1809,2025-04-29 07:15,Software,Medium,Requesting install of project management tool,15.0,2.9
1810,2025-04-29 07:11,Email,High,Outlook stuck in offline mode,3.5,4.7
1811,2025-04-29 16:19,Network_VPN,Low,Wi-Fi drops constantly in the east building,10.9,3.0
1812,2025-04-30 11:39,Security,Medium,Received a suspicious email asking for my password,6.0,2.2
1813,2025-04-30 18:37,Software,Medium,Software freezes whenever I try to export a file,17.0,3.4
1814,2025-04-30 13:52,Account_Access,Low,Locked out of my account after password expired,3.3,2.6
1815,2025-04-30 08:44,Network_VPN,High,Very slow network speeds on corporate Wi-Fi,1.4,4.2
1816,2025-04-30 16:03,Email,Medium,Outlook stuck in offline mode,7.0,3.0
1817,2025-04-30 18:18,Network_VPN,Critical,VPN client won't launch after latest update,2.3,4.5
1818,2025-04-30 09:39,Hardware,Medium,Screen cracked after laptop bag fell,51.8,2.9
1819,2025-04-30 16:14,Software,Medium,Software freezes whenever I try to export a file,15.9,3.2
1820,2025-04-30 08:47,Software,Low,Application keeps crashing on launch,8.3,4.4
1821,2025-04-30 17:13,Email,Medium,Not receiving any emails since this morning,5.8,2.8
1822,2025-04-30 11:32,Network_VPN,High,"Cannot connect to VPN, authentication failed error",2.4,3.6
1823,2025-04-30 16:39,Hardware,Medium,Laptop won't power on at all,40.3,2.6
1824,2025-04-30 14:58,Security,Medium,Think I clicked a phishing link by accident,5.4,3.4
1825,2025-04-30 15:57,Hardware,High,Laptop won't power on at all,20.4,4.4
1826,2025-04-30 16:46,Account_Access,High,Requesting elevated access to the deployment pipeline,0.7,4.3
1827,2025-04-30 12:04,Software,Medium,Software freezes whenever I try to export a file,11.3,4.5
1828,2025-04-30 15:53,Security,Critical,Antivirus is flagging a file I downloaded,1.0,4.1
1829,2025-04-30 11:45,Network_VPN,Medium,VPN client won't launch after latest update,8.9,3.3
1830,2025-05-01 14:53,Software,Medium,License activation error on design software,15.9,2.4
1831,2025-05-01 07:49,Security,High,Think I clicked a phishing link by accident,1.0,4.1
1832,2025-05-01 15:09,Account_Access,Medium,Locked out of my account after password expired,2.2,4.2
1833,2025-05-01 09:49,Network_VPN,High,Very slow network speeds on corporate Wi-Fi,3.9,4.7
1834,2025-05-01 15:07,Email,Medium,Emails to external clients are bouncing back,3.9,4.1
1835,2025-05-01 14:56,Network_VPN,High,VPN keeps disconnecting every few minutes,4.3,3.6
1836,2025-05-01 11:40,Network_VPN,High,VPN client won't launch after latest update,5.1,3.5
1837,2025-05-01 14:42,Email,Medium,Outlook stuck in offline mode,5.5,4.3
1838,2025-05-01 15:32,Network_VPN,Medium,"Cannot connect to VPN, authentication failed error",5.2,4.9
1839,2025-05-01 18:51,Network_VPN,Medium,VPN client won't launch after latest update,6.8,2.2
1840,2025-05-01 15:28,Account_Access,Low,Need access to the shared finance drive for a project,3.3,3.3
1841,2025-05-01 07:05,Network_VPN,Medium,VPN keeps disconnecting every few minutes,9.5,2.2
1842,2025-05-01 18:44,Hardware,High,Battery drains fully within an hour,34.3,4.4
1843,2025-05-01 17:51,Hardware,Medium,Screen cracked after laptop bag fell,63.3,3.1
1844,2025-05-01 18:29,Hardware,High,Docking station won't detect external monitor,7.2,4.7
1845,2025-05-01 10:14,Network_VPN,High,Wi-Fi drops constantly in the east building,4.9,4.2
1846,2025-05-01 17:21,Network_VPN,Medium,VPN client won't launch after latest update,7.1,2.3
1847,2025-05-01 12:30,Printer,Medium,Printer is printing blank pages,2.9,4.2
1848,2025-05-02 08:25,Email,High,Outlook stuck in offline mode,3.7,3.7
1849,2025-05-02 15:29,Email,Medium,"Mailbox full, can't send or receive email",7.8,3.2
1850,2025-05-02 14:24,Hardware,Medium,Docking station won't detect external monitor,36.0,3.7
1851,2025-05-02 13:36,Network_VPN,High,"Cannot connect to VPN, authentication failed error",4.3,4.7
1852,2025-05-02 18:36,Printer,Low,Print jobs stuck in queue and won't clear,6.3,3.1
1853,2025-05-02 14:11,Email,Medium,"Mailbox full, can't send or receive email",6.6,2.8
1854,2025-05-02 13:20,Account_Access,Low,Requesting elevated access to the deployment pipeline,2.6,4.7
1855,2025-05-02 17:51,Hardware,Low,Laptop won't power on at all,63.3,3.3
1856,2025-05-02 16:36,Network_VPN,High,"Cannot connect to VPN, authentication failed error",3.5,3.9
1857,2025-05-02 17:19,Hardware,High,Battery drains fully within an hour,14.8,4.4
1858,2025-05-02 16:00,Email,High,Not receiving any emails since this morning,5.1,5.0
1859,2025-05-02 12:57,Software,Medium,Software freezes whenever I try to export a file,10.0,3.9
1860,2025-05-02 08:55,Hardware,Low,Laptop won't power on at all,51.1,3.5
1861,2025-05-02 12:45,Account_Access,Medium,Locked out of my account after password expired,4.9,2.6
1862,2025-05-02 09:12,Hardware,Medium,Docking station won't detect external monitor,34.5,3.8
1863,2025-05-02 17:08,Software,High,License activation error on design software,2.8,5.0
1864,2025-05-02 17:27,Network_VPN,High,VPN keeps disconnecting every few minutes,1.8,4.8
1865,2025-05-02 14:57,Security,Medium,Think I clicked a phishing link by accident,4.6,2.6
1866,2025-05-02 14:24,Printer,Medium,Can't add the new printer to my laptop,5.1,2.6
1867,2025-05-02 18:15,Account_Access,Medium,Need access to the shared finance drive for a project,2.2,4.2
1868,2025-05-02 07:36,Printer,Low,Printer is printing blank pages,5.6,2.6
1869,2025-05-02 09:46,Hardware,Medium,Screen cracked after laptop bag fell,47.3,3.0
1870,2025-05-03 08:15,Security,High,Antivirus is flagging a file I downloaded,0.7,4.8
1871,2025-05-03 16:03,Hardware,High,Laptop won't power on at all,22.3,4.4
1872,2025-05-03 18:21,Email,Medium,"Mailbox full, can't send or receive email",6.9,2.7
1873,2025-05-03 18:19,Hardware,Medium,Screen cracked after laptop bag fell,26.1,4.9
1874,2025-05-04 11:51,Account_Access,Medium,Requesting elevated access to the deployment pipeline,4.4,3.0
1875,2025-05-04 11:16,Printer,Low,Printer on 3rd floor is offline,3.2,4.3
1876,2025-05-04 16:11,Network_VPN,Medium,Wi-Fi drops constantly in the east building,6.3,4.6
1877,2025-05-04 18:15,Email,High,Emails to external clients are bouncing back,2.7,3.8
1878,2025-05-05 09:38,Network_VPN,High,VPN client won't launch after latest update,2.9,3.6
1879,2025-05-05 13:15,Security,Critical,Think I clicked a phishing link by accident,1.5,4.1
1880,2025-05-05 17:16,Software,Low,Application keeps crashing on launch,19.7,2.5
1881,2025-05-05 14:47,Printer,Low,Printer on 3rd floor is offline,5.2,2.7
1882,2025-05-05 09:33,Security,High,Think I clicked a phishing link by accident,2.4,4.2
1883,2025-05-05 12:33,Email,Medium,"Mailbox full, can't send or receive email",8.7,2.6
1884,2025-05-05 13:39,Software,Low,Need Adobe Acrobat installed for contract review,16.5,2.5
1885,2025-05-05 17:37,Email,Medium,Outlook stuck in offline mode,5.4,3.6
1886,2025-05-05 12:43,Hardware,High,Battery drains fully within an hour,24.0,3.8
1887,2025-05-05 08:00,Software,Medium,Application keeps crashing on launch,8.1,3.5
1888,2025-05-05 11:16,Hardware,Medium,Laptop fan is extremely loud and it's overheating,45.6,2.3
1889,2025-05-05 10:38,Network_VPN,High,VPN keeps disconnecting every few minutes,1.3,4.4
1890,2025-05-05 17:36,Software,Low,Need Adobe Acrobat installed for contract review,17.6,2.6
1891,2025-05-05 14:42,Printer,High,Print jobs stuck in queue and won't clear,3.1,3.9
1892,2025-05-05 17:49,Security,Critical,My laptop is acting strange after opening an attachment,0.9,4.1
1893,2025-05-05 13:24,Printer,Low,Printer is printing blank pages,3.1,4.7
1894,2025-05-05 08:31,Account_Access,Medium,Locked out of my account after password expired,5.3,2.3
1895,2025-05-05 09:34,Security,High,Think I clicked a phishing link by accident,1.0,4.2
1896,2025-05-05 11:06,Printer,Medium,Print jobs stuck in queue and won't clear,3.3,4.2
1897,2025-05-05 14:09,Network_VPN,Medium,VPN keeps disconnecting every few minutes,6.2,4.2
1898,2025-05-05 18:21,Software,High,Need Adobe Acrobat installed for contract review,8.6,3.9
1899,2025-05-05 13:25,Email,Medium,"Mailbox full, can't send or receive email",9.6,2.7
1900,2025-05-05 14:07,Email,Medium,"Mailbox full, can't send or receive email",3.7,4.9
1901,2025-05-05 17:05,Software,Medium,License activation error on design software,12.8,2.1
1902,2025-05-05 17:12,Account_Access,Low,Forgot my password and self-service reset isn't working,3.9,3.1
1903,2025-05-05 13:57,Network_VPN,Critical,VPN keeps disconnecting every few minutes,2.8,3.9
1904,2025-05-05 10:08,Network_VPN,Medium,Wi-Fi drops constantly in the east building,11.1,2.7
1905,2025-05-05 08:50,Network_VPN,High,VPN keeps disconnecting every few minutes,4.3,4.2
1906,2025-05-05 07:02,Hardware,High,Screen cracked after laptop bag fell,36.8,4.7
1907,2025-05-06 15:29,Network_VPN,Medium,VPN keeps disconnecting every few minutes,5.9,4.5
1908,2025-05-06 18:09,Security,Critical,Think I clicked a phishing link by accident,0.8,3.6
1909,2025-05-06 18:41,Hardware,High,Laptop won't power on at all,35.2,3.6
1910,2025-05-06 08:29,Network_VPN,High,"Cannot connect to VPN, authentication failed error",6.0,4.7
1911,2025-05-06 16:51,Software,Low,Software freezes whenever I try to export a file,21.1,2.2
1912,2025-05-06 18:43,Software,High,Need Adobe Acrobat installed for contract review,5.9,4.7
1913,2025-05-06 10:48,Hardware,Critical,Laptop won't power on at all,13.8,3.7
1914,2025-05-06 13:10,Network_VPN,Medium,"Cannot connect to VPN, authentication failed error",5.2,3.7
1915,2025-05-06 09:06,Software,Low,Software freezes whenever I try to export a file,11.8,4.4
1916,2025-05-06 07:00,Printer,Medium,Can't add the new printer to my laptop,2.8,4.2
1917,2025-05-06 18:51,Network_VPN,High,VPN keeps disconnecting every few minutes,4.3,3.9
1918,2025-05-06 15:28,Printer,Medium,Can't add the new printer to my laptop,3.8,4.5
1919,2025-05-06 14:39,Hardware,High,Battery drains fully within an hour,5.3,3.8
1920,2025-05-06 08:33,Security,High,Antivirus is flagging a file I downloaded,0.5,3.9
1921,2025-05-06 14:49,Security,Critical,Antivirus is flagging a file I downloaded,1.9,4.3
1922,2025-05-06 17:54,Software,Low,Application keeps crashing on launch,11.0,4.7
1923,2025-05-06 07:41,Security,High,My laptop is acting strange after opening an attachment,0.9,4.9
1924,2025-05-06 14:02,Account_Access,Medium,Need access to the shared finance drive for a project,3.4,3.2
1925,2025-05-07 08:57,Printer,Low,Print jobs stuck in queue and won't clear,2.9,4.3
1926,2025-05-07 17:57,Account_Access,Medium,Requesting elevated access to the deployment pipeline,3.4,2.3
1927,2025-05-07 10:24,Account_Access,Medium,Locked out of my account after password expired,2.5,4.6
1928,2025-05-07 09:13,Email,Medium,"Mailbox full, can't send or receive email",6.8,3.3
1929,2025-05-07 10:40,Security,Medium,My laptop is acting strange after opening an attachment,3.6,2.7
1930,2025-05-07 07:17,Account_Access,Medium,Forgot my password and self-service reset isn't working,2.6,4.5
1931,2025-05-07 11:38,Network_VPN,Medium,Very slow network speeds on corporate Wi-Fi,5.6,4.0
1932,2025-05-07 10:05,Network_VPN,Critical,VPN client won't launch after latest update,2.6,4.3
1933,2025-05-07 14:17,Hardware,High,Laptop fan is extremely loud and it's overheating,37.9,4.4
1934,2025-05-07 16:14,Network_VPN,High,Very slow network speeds on corporate Wi-Fi,2.4,4.0
1935,2025-05-07 07:02,Email,High,Emails to external clients are bouncing back,5.0,4.1
1936,2025-05-08 18:52,Printer,Low,Printer on 3rd floor is offline,4.8,3.2
1937,2025-05-08 18:26,Network_VPN,Medium,Very slow network speeds on corporate Wi-Fi,8.6,2.0
1938,2025-05-08 07:30,Security,High,Think I clicked a phishing link by accident,1.2,5.0
1939,2025-05-08 07:29,Software,Medium,Application keeps crashing on launch,21.7,3.1
1940,2025-05-08 12:40,Hardware,Critical,Battery drains fully within an hour,10.9,4.7
1941,2025-05-08 12:33,Hardware,Critical,Laptop won't power on at all,5.2,4.8
1942,2025-05-08 16:50,Network_VPN,High,Very slow network speeds on corporate Wi-Fi,4.8,4.4
1943,2025-05-08 15:58,Account_Access,Medium,Locked out of my account after password expired,3.4,3.4
1944,2025-05-08 12:23,Software,Low,Need Adobe Acrobat installed for contract review,13.8,2.9
1945,2025-05-08 09:21,Network_VPN,High,VPN client won't launch after latest update,4.1,4.7
1946,2025-05-08 18:13,Account_Access,Medium,Locked out of my account after password expired,5.0,3.1
1947,2025-05-08 13:17,Printer,Low,Print jobs stuck in queue and won't clear,7.5,2.8
1948,2025-05-08 08:30,Network_VPN,Medium,Wi-Fi drops constantly in the east building,8.0,2.8
1949,2025-05-08 17:44,Software,High,Software freezes whenever I try to export a file,6.2,4.1
1950,2025-05-08 13:57,Printer,Low,Printer on 3rd floor is offline,7.4,2.1
1951,2025-05-08 14:09,Network_VPN,Low,VPN keeps disconnecting every few minutes,6.4,4.5
1952,2025-05-08 09:30,Email,Medium,"Mailbox full, can't send or receive email",9.8,2.8
1953,2025-05-08 07:55,Account_Access,High,Requesting elevated access to the deployment pipeline,0.6,3.8
1954,2025-05-08 12:31,Printer,Low,Printer is printing blank pages,4.5,3.0
1955,2025-05-08 09:57,Software,High,Software freezes whenever I try to export a file,6.1,4.0
1956,2025-05-08 11:49,Printer,Medium,Print jobs stuck in queue and won't clear,3.9,4.1
1957,2025-05-08 09:45,Email,Medium,Emails to external clients are bouncing back,6.6,2.2
1958,2025-05-08 17:50,Hardware,Critical,Battery drains fully within an hour,18.3,4.5
1959,2025-05-09 11:23,Network_VPN,Low,VPN keeps disconnecting every few minutes,6.7,2.2
1960,2025-05-09 09:23,Network_VPN,High,VPN client won't launch after latest update,4.7,5.0
1961,2025-05-09 14:49,Hardware,High,Battery drains fully within an hour,8.1,3.5
1962,2025-05-09 15:32,Network_VPN,Critical,Very slow network speeds on corporate Wi-Fi,1.4,5.0
1963,2025-05-09 16:42,Account_Access,Medium,Forgot my password and self-service reset isn't working,3.3,3.4
1964,2025-05-09 08:46,Network_VPN,High,VPN client won't launch after latest update,6.1,4.0
1965,2025-05-09 13:39,Hardware,Medium,Laptop won't power on at all,50.6,2.5
1966,2025-05-09 10:37,Email,Medium,Not receiving any emails since this morning,5.8,2.9
1967,2025-05-09 17:42,Hardware,Medium,Screen cracked after laptop bag fell,28.4,4.8
1968,2025-05-09 07:58,Security,Medium,My laptop is acting strange after opening an attachment,3.4,2.9
1969,2025-05-09 12:00,Software,Low,Requesting install of project management tool,21.6,2.6
1970,2025-05-09 10:46,Account_Access,Medium,Forgot my password and self-service reset isn't working,3.9,2.8
1971,2025-05-10 13:46,Printer,Medium,Can't add the new printer to my laptop,4.3,3.2
1972,2025-05-10 11:30,Email,High,Emails to external clients are bouncing back,3.7,3.7
1973,2025-05-10 08:00,Security,Medium,Antivirus is flagging a file I downloaded,5.8,3.1
1974,2025-05-11 09:12,Software,Medium,License activation error on design software,16.8,3.1
1975,2025-05-11 11:53,Network_VPN,Medium,Very slow network speeds on corporate Wi-Fi,8.1,3.2
1976,2025-05-11 07:09,Software,Medium,Requesting install of project management tool,15.4,2.0
1977,2025-05-12 09:31,Account_Access,Low,Requesting elevated access to the deployment pipeline,4.7,2.4
1978,2025-05-12 08:38,Email,Low,Emails to external clients are bouncing back,8.5,2.7
1979,2025-05-12 14:44,Printer,Medium,Can't add the new printer to my laptop,7.3,2.9
1980,2025-05-12 09:37,Email,Medium,Outlook stuck in offline mode,7.3,3.3
1981,2025-05-12 07:17,Network_VPN,Medium,Wi-Fi drops constantly in the east building,9.6,2.5
1982,2025-05-12 08:32,Account_Access,Low,Forgot my password and self-service reset isn't working,3.3,3.0
1983,2025-05-12 12:55,Network_VPN,High,"Cannot connect to VPN, authentication failed error",4.3,3.8
1984,2025-05-12 15:37,Account_Access,Medium,Forgot my password and self-service reset isn't working,4.8,2.5
1985,2025-05-12 14:26,Account_Access,Low,Need access to the shared finance drive for a project,4.1,2.6
1986,2025-05-12 10:50,Account_Access,Low,Need access to the shared finance drive for a project,2.7,3.8
1987,2025-05-12 09:59,Email,Medium,"Mailbox full, can't send or receive email",9.5,2.2
1988,2025-05-12 16:33,Network_VPN,Medium,Wi-Fi drops constantly in the east building,7.1,3.2
1989,2025-05-12 08:14,Printer,Low,Printer is printing blank pages,4.3,3.1
1990,2025-05-12 08:27,Network_VPN,High,"Cannot connect to VPN, authentication failed error",2.7,3.8
1991,2025-05-12 07:12,Software,Low,Need Adobe Acrobat installed for contract review,20.4,3.1
1992,2025-05-12 07:04,Network_VPN,Medium,VPN client won't launch after latest update,7.9,3.4
1993,2025-05-12 10:37,Account_Access,High,Locked out of my account after password expired,2.7,4.9
1994,2025-05-12 18:17,Email,High,Emails to external clients are bouncing back,1.1,3.7
1995,2025-05-12 16:15,Security,High,Antivirus is flagging a file I downloaded,2.9,4.7
1996,2025-05-12 10:45,Hardware,Low,Laptop won't power on at all,51.9,2.0
1997,2025-05-13 08:59,Security,Critical,Think I clicked a phishing link by accident,1.2,5.0
1998,2025-05-13 09:28,Account_Access,High,New hire needs accounts provisioned before start date,1.8,4.5
1999,2025-05-13 10:32,Software,Low,Need Adobe Acrobat installed for contract review,13.6,2.6
2000,2025-05-13 15:08,Account_Access,High,Locked out of my account after password expired,1.4,4.2
2001,2025-05-13 12:31,Hardware,High,Screen cracked after laptop bag fell,22.9,3.6
2002,2025-05-13 14:14,Network_VPN,Medium,Wi-Fi drops constantly in the east building,10.0,3.0
2003,2025-05-13 14:43,Software,Critical,License activation error on design software,3.5,4.8
2004,2025-05-13 14:33,Account_Access,Critical,Locked out of my account after password expired,1.2,3.7
2005,2025-05-13 08:47,Software,Low,Need Adobe Acrobat installed for contract review,14.3,3.0
2006,2025-05-13 16:54,Security,Medium,Think I clicked a phishing link by accident,5.9,2.5
2007,2025-05-13 18:49,Security,Medium,Received a suspicious email asking for my password,3.8,2.7
2008,2025-05-13 12:30,Software,High,License activation error on design software,10.2,4.9
2009,2025-05-13 14:06,Software,Critical,Requesting install of project management tool,3.9,3.7
2010,2025-05-13 08:47,Network_VPN,Medium,Very slow network speeds on corporate Wi-Fi,9.1,2.2
2011,2025-05-14 17:20,Email,High,Not receiving any emails since this morning,5.4,4.1
2012,2025-05-14 15:49,Network_VPN,High,VPN client won't launch after latest update,5.2,4.5
2013,2025-05-14 11:34,Hardware,Medium,Docking station won't detect external monitor,55.9,2.7
2014,2025-05-14 13:56,Account_Access,Medium,New hire needs accounts provisioned before start date,5.8,2.0
2015,2025-05-14 07:02,Email,Medium,Not receiving any emails since this morning,9.1,2.7
2016,2025-05-14 11:45,Network_VPN,High,Wi-Fi drops constantly in the east building,1.9,4.1
2017,2025-05-14 15:36,Hardware,High,Laptop won't power on at all,20.7,4.3
2018,2025-05-14 14:37,Hardware,Critical,Laptop fan is extremely loud and it's overheating,12.6,4.1
2019,2025-05-14 16:02,Security,Critical,Antivirus is flagging a file I downloaded,0.9,3.6
2020,2025-05-15 17:21,Email,High,Outlook stuck in offline mode,3.6,4.6
2021,2025-05-15 17:15,Hardware,Medium,Docking station won't detect external monitor,41.4,2.5
2022,2025-05-15 11:07,Account_Access,Medium,Forgot my password and self-service reset isn't working,5.7,2.1
2023,2025-05-15 13:36,Account_Access,Medium,Locked out of my account after password expired,2.3,4.5
2024,2025-05-15 12:24,Hardware,Medium,Docking station won't detect external monitor,57.5,2.9
2025,2025-05-15 17:13,Software,Medium,License activation error on design software,20.9,2.2
2026,2025-05-15 11:23,Account_Access,High,New hire needs accounts provisioned before start date,2.3,3.7
2027,2025-05-15 15:13,Security,High,Think I clicked a phishing link by accident,2.8,4.7
2028,2025-05-15 16:47,Account_Access,Medium,Locked out of my account after password expired,4.4,3.2
2029,2025-05-15 15:30,Security,High,Received a suspicious email asking for my password,1.3,4.3
2030,2025-05-15 11:27,Hardware,High,Screen cracked after laptop bag fell,26.2,4.0
2031,2025-05-15 14:42,Software,Low,License activation error on design software,14.4,2.9
2032,2025-05-16 14:13,Network_VPN,High,VPN keeps disconnecting every few minutes,3.8,3.8
2033,2025-05-16 13:59,Software,Low,Requesting install of project management tool,18.2,3.2
2034,2025-05-16 09:47,Software,Medium,Need Adobe Acrobat installed for contract review,13.8,2.2
2035,2025-05-16 08:40,Software,High,License activation error on design software,5.7,4.8
2036,2025-05-16 17:38,Account_Access,Medium,Requesting elevated access to the deployment pipeline,3.3,2.2
2037,2025-05-16 11:29,Account_Access,Low,Need access to the shared finance drive for a project,2.9,3.9
2038,2025-05-16 11:08,Hardware,Medium,Docking station won't detect external monitor,67.5,2.3
2039,2025-05-16 18:31,Network_VPN,High,Wi-Fi drops constantly in the east building,2.0,4.8
2040,2025-05-16 08:57,Printer,High,Printer on 3rd floor is offline,0.8,4.4
2041,2025-05-16 18:53,Security,High,Antivirus is flagging a file I downloaded,2.9,4.1
2042,2025-05-16 17:53,Network_VPN,Medium,VPN keeps disconnecting every few minutes,8.2,2.2
2043,2025-05-16 08:49,Software,Low,Software freezes whenever I try to export a file,22.1,2.4
2044,2025-05-16 18:15,Printer,Medium,Printer is printing blank pages,6.6,3.2
2045,2025-05-16 14:26,Security,Medium,Think I clicked a phishing link by accident,2.8,5.0
2046,2025-05-16 08:20,Account_Access,Low,New hire needs accounts provisioned before start date,4.2,3.0
2047,2025-05-16 09:23,Hardware,High,Docking station won't detect external monitor,36.8,4.8
2048,2025-05-16 16:02,Hardware,High,Screen cracked after laptop bag fell,4.7,5.0
2049,2025-05-16 15:24,Email,High,"Mailbox full, can't send or receive email",4.5,3.9
2050,2025-05-16 10:54,Account_Access,High,Forgot my password and self-service reset isn't working,2.4,4.3
2051,2025-05-16 11:19,Hardware,Critical,Laptop won't power on at all,10.7,5.0
2052,2025-05-16 14:40,Network_VPN,Medium,"Cannot connect to VPN, authentication failed error",10.9,2.2
2053,2025-05-16 14:30,Account_Access,High,Requesting elevated access to the deployment pipeline,1.3,3.6
2054,2025-05-16 09:44,Printer,Medium,Printer is printing blank pages,7.4,3.2
2055,2025-05-16 18:20,Account_Access,Medium,Locked out of my account after password expired,4.5,3.2
2056,2025-05-16 14:50,Hardware,High,Laptop won't power on at all,25.8,3.8
2057,2025-05-17 09:15,Network_VPN,High,"Cannot connect to VPN, authentication failed error",2.7,3.6
2058,2025-05-18 12:28,Printer,Medium,Print jobs stuck in queue and won't clear,6.4,3.2
2059,2025-05-18 11:12,Hardware,Medium,Battery drains fully within an hour,57.1,3.2
2060,2025-05-18 16:14,Network_VPN,Medium,Wi-Fi drops constantly in the east building,11.0,3.4
2061,2025-05-18 08:29,Network_VPN,Critical,VPN keeps disconnecting every few minutes,2.8,4.4
2062,2025-05-19 09:05,Account_Access,Low,Need access to the shared finance drive for a project,4.5,2.9
2063,2025-05-19 13:49,Security,Critical,Think I clicked a phishing link by accident,0.7,4.6
2064,2025-05-19 10:12,Email,High,Not receiving any emails since this morning,3.2,3.8
2065,2025-05-19 10:38,Security,High,Antivirus is flagging a file I downloaded,1.9,3.7
2066,2025-05-19 09:01,Account_Access,High,Forgot my password and self-service reset isn't working,1.0,3.8
2067,2025-05-19 16:43,Account_Access,Medium,Forgot my password and self-service reset isn't working,3.9,2.4
2068,2025-05-19 18:25,Software,Low,Need Adobe Acrobat installed for contract review,10.0,4.0
2069,2025-05-19 08:35,Software,Medium,Requesting install of project management tool,19.8,2.4
2070,2025-05-19 16:42,Network_VPN,Critical,Wi-Fi drops constantly in the east building,2.3,4.0
2071,2025-05-19 13:42,Security,Low,Received a suspicious email asking for my password,4.1,2.6
2072,2025-05-19 14:59,Account_Access,Low,New hire needs accounts provisioned before start date,2.8,3.8
2073,2025-05-19 09:16,Account_Access,Low,Requesting elevated access to the deployment pipeline,3.4,2.8
2074,2025-05-19 11:47,Network_VPN,Critical,VPN keeps disconnecting every few minutes,2.4,5.0
2075,2025-05-19 11:33,Account_Access,Medium,Requesting elevated access to the deployment pipeline,5.5,2.9
2076,2025-05-19 09:35,Account_Access,Medium,Need access to the shared finance drive for a project,6.0,3.1
2077,2025-05-19 07:30,Email,Low,Not receiving any emails since this morning,4.6,3.8
2078,2025-05-19 07:28,Account_Access,Medium,Requesting elevated access to the deployment pipeline,6.0,3.4
2079,2025-05-19 09:07,Account_Access,Medium,New hire needs accounts provisioned before start date,4.0,3.3
2080,2025-05-20 11:36,Network_VPN,Medium,Wi-Fi drops constantly in the east building,5.6,4.3
2081,2025-05-20 16:11,Email,Medium,Emails to external clients are bouncing back,9.8,2.8
2082,2025-05-20 12:01,Hardware,Medium,Laptop won't power on at all,48.1,2.1
2083,2025-05-20 12:09,Account_Access,Medium,Locked out of my account after password expired,4.4,3.4
2084,2025-05-20 11:38,Network_VPN,High,Very slow network speeds on corporate Wi-Fi,4.6,4.2
2085,2025-05-20 12:46,Software,Critical,License activation error on design software,4.8,4.9
2086,2025-05-20 12:51,Security,Medium,Think I clicked a phishing link by accident,2.3,4.5
2087,2025-05-20 11:11,Network_VPN,Medium,VPN keeps disconnecting every few minutes,8.9,2.1
2088,2025-05-20 13:18,Account_Access,Low,Requesting elevated access to the deployment pipeline,5.4,2.2
2089,2025-05-20 11:57,Software,Low,Application keeps crashing on launch,15.8,2.6
2090,2025-05-20 10:31,Software,Medium,Application keeps crashing on launch,9.4,4.1
2091,2025-05-20 13:51,Hardware,High,Docking station won't detect external monitor,23.1,4.1
2092,2025-05-20 12:29,Account_Access,Medium,Need access to the shared finance drive for a project,3.8,2.1
2093,2025-05-20 08:18,Software,High,Application keeps crashing on launch,7.1,4.5
2094,2025-05-20 09:43,Hardware,Critical,Laptop won't power on at all,12.1,3.7
2095,2025-05-20 08:58,Email,Medium,Emails to external clients are bouncing back,5.6,2.1
2096,2025-05-20 18:36,Network_VPN,Medium,VPN keeps disconnecting every few minutes,7.5,2.7
2097,2025-05-20 08:47,Email,Medium,Outlook stuck in offline mode,4.2,4.3
2098,2025-05-20 13:56,Software,High,Application keeps crashing on launch,10.7,3.6
2099,2025-05-21 12:58,Account_Access,High,Requesting elevated access to the deployment pipeline,1.7,4.7
2100,2025-05-21 11:55,Email,Medium,Emails to external clients are bouncing back,4.2,5.0
2101,2025-05-21 09:41,Software,Medium,Requesting install of project management tool,8.0,3.7
2102,2025-05-21 14:19,Hardware,Critical,Docking station won't detect external monitor,20.4,4.4
2103,2025-05-21 13:51,Software,Medium,Software freezes whenever I try to export a file,18.7,3.0
2104,2025-05-21 18:12,Account_Access,Low,Need access to the shared finance drive for a project,2.9,4.7
2105,2025-05-21 17:54,Email,Medium,Emails to external clients are bouncing back,4.6,3.9
2106,2025-05-21 13:01,Printer,Low,Print jobs stuck in queue and won't clear,6.8,2.2
2107,2025-05-21 07:55,Network_VPN,High,"Cannot connect to VPN, authentication failed error",3.4,4.2
2108,2025-05-21 07:21,Hardware,Medium,Battery drains fully within an hour,51.5,3.3
2109,2025-05-21 16:46,Network_VPN,Critical,Very slow network speeds on corporate Wi-Fi,3.3,4.6
2110,2025-05-21 18:39,Software,Low,License activation error on design software,14.3,2.8
2111,2025-05-21 16:20,Security,Medium,My laptop is acting strange after opening an attachment,2.4,3.5
2112,2025-05-21 14:39,Software,High,License activation error on design software,5.8,4.2
2113,2025-05-21 18:12,Security,High,Antivirus is flagging a file I downloaded,1.7,3.7
2114,2025-05-21 12:58,Hardware,Medium,Docking station won't detect external monitor,34.9,4.9
2115,2025-05-21 13:53,Software,Low,Requesting install of project management tool,12.6,3.1
2116,2025-05-22 11:44,Printer,Medium,Can't add the new printer to my laptop,7.2,2.9
2117,2025-05-22 08:50,Printer,Low,Can't add the new printer to my laptop,3.8,4.4
2118,2025-05-22 07:22,Hardware,Medium,Docking station won't detect external monitor,34.4,3.6
2119,2025-05-22 15:02,Email,High,Outlook stuck in offline mode,1.8,4.8
2120,2025-05-22 10:31,Printer,Low,Printer is printing blank pages,6.0,2.2
2121,2025-05-22 15:17,Account_Access,High,Forgot my password and self-service reset isn't working,2.6,4.7
2122,2025-05-22 14:53,Email,High,"Mailbox full, can't send or receive email",5.2,4.2
2123,2025-05-22 08:52,Printer,Medium,Printer on 3rd floor is offline,6.0,3.3
2124,2025-05-22 12:10,Software,Low,Software freezes whenever I try to export a file,18.0,3.3
2125,2025-05-22 09:41,Printer,Medium,Can't add the new printer to my laptop,5.4,3.3
2126,2025-05-22 07:15,Account_Access,Low,Need access to the shared finance drive for a project,2.9,5.0
2127,2025-05-22 12:45,Email,Medium,Not receiving any emails since this morning,6.9,2.1
2128,2025-05-22 15:26,Printer,Medium,Printer is printing blank pages,4.0,4.6
2129,2025-05-22 14:54,Printer,Medium,Print jobs stuck in queue and won't clear,4.9,2.6
2130,2025-05-22 18:51,Hardware,Critical,Screen cracked after laptop bag fell,11.5,4.7
2131,2025-05-22 09:27,Hardware,Low,Laptop won't power on at all,39.4,3.5
2132,2025-05-22 07:40,Network_VPN,High,VPN keeps disconnecting every few minutes,4.5,4.9
2133,2025-05-22 11:46,Security,High,Antivirus is flagging a file I downloaded,2.9,4.6
2134,2025-05-22 09:44,Printer,Low,Printer is printing blank pages,4.2,4.3
2135,2025-05-22 14:44,Hardware,Critical,Battery drains fully within an hour,14.6,4.4
2136,2025-05-22 15:21,Account_Access,High,Requesting elevated access to the deployment pipeline,2.9,3.6
2137,2025-05-22 15:35,Hardware,High,Battery drains fully within an hour,22.4,3.8
2138,2025-05-22 15:37,Account_Access,High,Forgot my password and self-service reset isn't working,0.9,3.5
2139,2025-05-22 07:53,Account_Access,High,Forgot my password and self-service reset isn't working,3.2,3.7
2140,2025-05-22 08:28,Account_Access,Medium,New hire needs accounts provisioned before start date,2.3,4.5
2141,2025-05-22 16:36,Account_Access,Medium,Locked out of my account after password expired,5.9,3.2
2142,2025-05-22 18:36,Printer,Low,Print jobs stuck in queue and won't clear,4.2,4.7
2143,2025-05-22 16:12,Software,Medium,Requesting install of project management tool,11.9,4.0
2144,2025-05-23 07:27,Hardware,High,Battery drains fully within an hour,32.2,3.6
2145,2025-05-23 13:37,Email,Medium,Not receiving any emails since this morning,4.2,4.5
2146,2025-05-23 14:44,Software,High,Requesting install of project management tool,7.7,4.5
2147,2025-05-23 15:08,Security,Critical,My laptop is acting strange after opening an attachment,1.1,3.7
2148,2025-05-23 08:44,Hardware,Medium,Docking station won't detect external monitor,57.9,3.3
2149,2025-05-23 08:38,Account_Access,Low,Requesting elevated access to the deployment pipeline,2.8,4.3
2150,2025-05-23 09:07,Email,Low,"Mailbox full, can't send or receive email",7.3,2.1
2151,2025-05-23 09:50,Account_Access,Medium,Forgot my password and self-service reset isn't working,4.0,3.2
2152,2025-05-23 09:52,Software,High,Need Adobe Acrobat installed for contract review,4.5,3.9
2153,2025-05-23 13:30,Printer,Low,Printer on 3rd floor is offline,4.6,3.3
2154,2025-05-23 18:53,Software,Medium,Software freezes whenever I try to export a file,13.3,2.6
2155,2025-05-23 14:09,Software,Medium,Application keeps crashing on launch,15.3,2.7
2156,2025-05-23 13:14,Email,Low,Outlook stuck in offline mode,7.6,2.9
2157,2025-05-23 18:17,Email,Medium,Outlook stuck in offline mode,9.7,3.3
2158,2025-05-23 18:19,Software,Medium,Application keeps crashing on launch,17.1,3.2
2159,2025-05-23 15:36,Software,Medium,Need Adobe Acrobat installed for contract review,9.3,4.9
2160,2025-05-23 17:59,Printer,Medium,Print jobs stuck in queue and won't clear,5.4,2.0
2161,2025-05-23 16:28,Hardware,Medium,Laptop won't power on at all,34.2,4.7
2162,2025-05-23 07:21,Network_VPN,High,VPN client won't launch after latest update,3.2,3.6
2163,2025-05-24 08:06,Network_VPN,High,VPN keeps disconnecting every few minutes,2.7,3.9
2164,2025-05-24 11:26,Hardware,Medium,Screen cracked after laptop bag fell,36.6,3.6
2165,2025-05-24 07:19,Software,Medium,Need Adobe Acrobat installed for contract review,13.1,2.0
2166,2025-05-25 08:03,Network_VPN,Medium,"Cannot connect to VPN, authentication failed error",6.8,2.6
2167,2025-05-25 13:07,Account_Access,Medium,New hire needs accounts provisioned before start date,4.0,3.1
2168,2025-05-25 13:40,Account_Access,Medium,Forgot my password and self-service reset isn't working,3.7,2.7
2169,2025-05-26 10:48,Email,Medium,"Mailbox full, can't send or receive email",9.8,3.0
2170,2025-05-26 17:32,Software,Medium,Application keeps crashing on launch,14.4,2.1
2171,2025-05-26 15:27,Account_Access,Medium,Need access to the shared finance drive for a project,5.9,3.2
2172,2025-05-26 16:18,Security,Low,My laptop is acting strange after opening an attachment,5.3,3.4
2173,2025-05-26 16:16,Software,Low,Application keeps crashing on launch,22.9,2.7
2174,2025-05-26 15:18,Email,Critical,Not receiving any emails since this morning,2.9,3.8
2175,2025-05-26 08:53,Network_VPN,Medium,VPN client won't launch after latest update,6.6,2.6
2176,2025-05-26 15:51,Network_VPN,Critical,VPN client won't launch after latest update,3.4,3.8
2177,2025-05-26 11:15,Account_Access,Medium,Forgot my password and self-service reset isn't working,5.9,3.1
2178,2025-05-26 07:58,Software,Medium,License activation error on design software,15.3,2.9
2179,2025-05-26 09:26,Software,Medium,Need Adobe Acrobat installed for contract review,8.0,3.5
2180,2025-05-26 17:41,Software,High,Requesting install of project management tool,7.2,4.7
2181,2025-05-26 08:22,Network_VPN,High,VPN keeps disconnecting every few minutes,5.5,4.2
2182,2025-05-26 18:00,Security,Critical,My laptop is acting strange after opening an attachment,1.0,3.8
2183,2025-05-26 07:48,Network_VPN,Critical,Wi-Fi drops constantly in the east building,2.2,3.8
2184,2025-05-26 18:14,Account_Access,Low,Forgot my password and self-service reset isn't working,5.3,2.9
2185,2025-05-26 18:45,Account_Access,Critical,Requesting elevated access to the deployment pipeline,0.6,4.2
2186,2025-05-26 11:36,Software,Low,Need Adobe Acrobat installed for contract review,21.1,2.6
2187,2025-05-26 17:38,Hardware,High,Battery drains fully within an hour,26.4,4.3
2188,2025-05-27 16:54,Network_VPN,Low,VPN client won't launch after latest update,4.8,3.9
2189,2025-05-27 07:44,Account_Access,High,New hire needs accounts provisioned before start date,1.3,4.8
2190,2025-05-27 13:41,Software,Low,Software freezes whenever I try to export a file,16.9,2.7
2191,2025-05-27 13:17,Software,High,Need Adobe Acrobat installed for contract review,4.7,4.8
2192,2025-05-27 18:14,Network_VPN,Medium,VPN client won't launch after latest update,7.1,3.1
2193,2025-05-27 12:05,Network_VPN,Medium,Very slow network speeds on corporate Wi-Fi,6.7,2.6
2194,2025-05-27 08:58,Email,Critical,"Mailbox full, can't send or receive email",1.5,4.5
2195,2025-05-27 07:30,Account_Access,Medium,Need access to the shared finance drive for a project,2.4,4.4
2196,2025-05-27 11:15,Hardware,High,Laptop won't power on at all,25.3,4.0
2197,2025-05-27 15:50,Network_VPN,Critical,"Cannot connect to VPN, authentication failed error",3.3,4.7
2198,2025-05-27 17:28,Account_Access,High,Locked out of my account after password expired,2.2,4.6
2199,2025-05-27 18:04,Software,Critical,Need Adobe Acrobat installed for contract review,6.3,4.1
2200,2025-05-27 17:27,Printer,High,Printer on 3rd floor is offline,2.2,4.0
2201,2025-05-27 08:39,Network_VPN,Medium,VPN keeps disconnecting every few minutes,6.6,2.6
2202,2025-05-27 14:24,Printer,High,Print jobs stuck in queue and won't clear,3.5,4.4
2203,2025-05-27 17:50,Hardware,Critical,Docking station won't detect external monitor,14.5,4.0
2204,2025-05-27 16:45,Network_VPN,Medium,VPN client won't launch after latest update,5.8,3.7
2205,2025-05-27 12:26,Network_VPN,Critical,"Cannot connect to VPN, authentication failed error",1.3,4.3
2206,2025-05-27 07:08,Hardware,Medium,Laptop fan is extremely loud and it's overheating,36.0,4.7
2207,2025-05-27 16:56,Account_Access,Medium,Requesting elevated access to the deployment pipeline,4.7,2.5
2208,2025-05-27 12:00,Hardware,Medium,Battery drains fully within an hour,39.1,2.5
2209,2025-05-27 07:27,Hardware,Low,Battery drains fully within an hour,48.5,3.3
2210,2025-05-27 10:42,Account_Access,Medium,Need access to the shared finance drive for a project,2.9,3.6
2211,2025-05-27 12:39,Hardware,High,Docking station won't detect external monitor,15.3,4.4
2212,2025-05-27 07:31,Account_Access,Low,Forgot my password and self-service reset isn't working,3.9,3.2
2213,2025-05-27 10:15,Account_Access,Medium,Locked out of my account after password expired,4.8,2.7
2214,2025-05-28 07:23,Printer,Medium,Printer is printing blank pages,4.7,2.6
2215,2025-05-28 10:40,Network_VPN,Low,Wi-Fi drops constantly in the east building,5.2,3.9
2216,2025-05-28 09:14,Software,Low,License activation error on design software,8.4,3.8
2217,2025-05-28 07:11,Email,Medium,Emails to external clients are bouncing back,7.2,2.3
2218,2025-05-28 08:21,Email,Low,"Mailbox full, can't send or receive email",8.0,2.6
2219,2025-05-28 09:33,Security,High,Antivirus is flagging a file I downloaded,1.5,4.1
2220,2025-05-28 09:50,Security,Critical,My laptop is acting strange after opening an attachment,0.6,3.7
2221,2025-05-28 17:15,Network_VPN,Medium,VPN client won't launch after latest update,7.2,2.9
2222,2025-05-28 10:03,Security,Critical,Think I clicked a phishing link by accident,0.9,3.7
2223,2025-05-28 14:13,Software,High,License activation error on design software,10.8,5.0
2224,2025-05-28 13:48,Printer,Medium,Can't add the new printer to my laptop,6.0,2.3
2225,2025-05-28 12:33,Email,Medium,Outlook stuck in offline mode,6.6,2.5
2226,2025-05-28 16:41,Software,Medium,Requesting install of project management tool,17.3,3.0
2227,2025-05-28 10:19,Network_VPN,High,"Cannot connect to VPN, authentication failed error",3.5,3.9
2228,2025-05-28 15:05,Hardware,High,Docking station won't detect external monitor,35.8,4.1
2229,2025-05-28 07:29,Network_VPN,Medium,VPN keeps disconnecting every few minutes,8.3,2.3
2230,2025-05-28 14:20,Hardware,Medium,Screen cracked after laptop bag fell,46.7,2.6
2231,2025-05-28 12:57,Account_Access,Low,Locked out of my account after password expired,3.1,4.5
2232,2025-05-28 10:06,Network_VPN,Medium,VPN client won't launch after latest update,9.3,3.2
2233,2025-05-28 12:16,Network_VPN,Low,Wi-Fi drops constantly in the east building,5.8,3.8
2234,2025-05-28 18:47,Account_Access,Low,Forgot my password and self-service reset isn't working,4.5,2.2
2235,2025-05-28 13:25,Hardware,Low,Screen cracked after laptop bag fell,38.7,3.2
2236,2025-05-28 09:55,Email,Medium,"Mailbox full, can't send or receive email",6.9,3.1
2237,2025-05-29 14:46,Account_Access,Medium,Need access to the shared finance drive for a project,4.1,3.2
2238,2025-05-29 18:26,Email,High,Outlook stuck in offline mode,2.4,3.8
2239,2025-05-29 09:19,Account_Access,High,Requesting elevated access to the deployment pipeline,0.6,3.7
2240,2025-05-29 10:26,Security,High,Received a suspicious email asking for my password,2.3,4.0
2241,2025-05-29 16:01,Hardware,High,Docking station won't detect external monitor,27.5,3.9
2242,2025-05-29 12:36,Software,High,Need Adobe Acrobat installed for contract review,2.8,4.9
2243,2025-05-29 13:13,Software,High,Software freezes whenever I try to export a file,7.6,4.1
2244,2025-05-29 16:28,Security,High,Received a suspicious email asking for my password,1.0,3.7
2245,2025-05-29 07:52,Software,Low,License activation error on design software,9.6,4.3
2246,2025-05-29 13:18,Software,Low,Requesting install of project management tool,11.1,4.9
2247,2025-05-29 15:00,Account_Access,Medium,Forgot my password and self-service reset isn't working,2.4,3.6
2248,2025-05-29 13:30,Network_VPN,Medium,Very slow network speeds on corporate Wi-Fi,11.9,2.2
2249,2025-05-29 10:19,Printer,High,Can't add the new printer to my laptop,3.7,3.7
2250,2025-05-29 10:32,Hardware,Medium,Docking station won't detect external monitor,51.8,2.5
2251,2025-05-29 08:52,Printer,Low,Can't add the new printer to my laptop,2.8,3.7
2252,2025-05-29 14:29,Hardware,High,Battery drains fully within an hour,35.0,4.8
2253,2025-05-29 18:53,Software,Low,Need Adobe Acrobat installed for contract review,22.1,2.7
2254,2025-05-29 13:15,Printer,Low,Printer is printing blank pages,7.1,3.3
2255,2025-05-29 09:44,Network_VPN,High,VPN client won't launch after latest update,3.5,4.9
2256,2025-05-29 09:17,Software,Medium,Requesting install of project management tool,8.6,4.8
2257,2025-05-30 14:26,Hardware,High,Laptop won't power on at all,28.6,3.8
2258,2025-05-30 12:26,Security,Critical,Received a suspicious email asking for my password,0.6,3.7
2259,2025-05-30 17:44,Hardware,Medium,Screen cracked after laptop bag fell,26.5,3.5
2260,2025-05-30 13:02,Software,Medium,Requesting install of project management tool,19.9,3.3
2261,2025-05-30 14:31,Network_VPN,High,VPN keeps disconnecting every few minutes,1.8,4.5
2262,2025-05-30 09:30,Hardware,High,Laptop won't power on at all,12.2,4.9
2263,2025-05-30 11:07,Email,Medium,Emails to external clients are bouncing back,3.8,3.7
2264,2025-05-30 11:09,Hardware,Medium,Docking station won't detect external monitor,56.4,2.0
2265,2025-05-30 10:28,Hardware,Medium,Battery drains fully within an hour,26.0,4.5
2266,2025-05-30 13:44,Software,Medium,Software freezes whenever I try to export a file,19.4,3.3
2267,2025-05-30 10:59,Account_Access,Medium,Locked out of my account after password expired,2.3,4.1
2268,2025-05-30 07:21,Account_Access,Low,Need access to the shared finance drive for a project,2.2,3.5
2269,2025-05-30 17:10,Email,Medium,"Mailbox full, can't send or receive email",9.3,3.2
2270,2025-05-30 15:40,Printer,Low,Printer on 3rd floor is offline,3.3,4.0
2271,2025-05-30 10:13,Network_VPN,Critical,"Cannot connect to VPN, authentication failed error",2.1,4.1
2272,2025-05-30 13:13,Network_VPN,Medium,Wi-Fi drops constantly in the east building,7.4,2.5
2273,2025-05-30 07:04,Hardware,High,Laptop won't power on at all,13.5,4.4
2274,2025-05-30 08:45,Email,Medium,Not receiving any emails since this morning,7.5,3.5
2275,2025-05-30 17:44,Hardware,Medium,Laptop fan is extremely loud and it's overheating,70.1,2.9
2276,2025-05-30 12:54,Hardware,Medium,Battery drains fully within an hour,54.6,3.3
2277,2025-05-30 13:32,Software,Medium,Need Adobe Acrobat installed for contract review,17.7,2.9
2278,2025-05-30 07:39,Software,Medium,Application keeps crashing on launch,19.2,2.0
2279,2025-05-30 16:05,Printer,Low,Printer on 3rd floor is offline,6.6,3.1
2280,2025-05-30 17:02,Network_VPN,Medium,Wi-Fi drops constantly in the east building,5.9,4.1
2281,2025-05-30 09:17,Account_Access,Critical,New hire needs accounts provisioned before start date,1.1,4.8
2282,2025-05-30 11:48,Account_Access,Medium,Locked out of my account after password expired,5.9,3.0
2283,2025-05-30 17:15,Network_VPN,Medium,Wi-Fi drops constantly in the east building,5.9,3.6
2284,2025-05-30 14:40,Printer,Medium,Print jobs stuck in queue and won't clear,4.8,2.5
2285,2025-06-02 09:05,Network_VPN,Low,"Cannot connect to VPN, authentication failed error",11.9,3.4
2286,2025-06-02 08:27,Network_VPN,High,VPN client won't launch after latest update,6.1,3.9
2287,2025-06-02 16:15,Printer,Low,Printer is printing blank pages,3.8,4.1
2288,2025-06-02 14:05,Account_Access,Medium,New hire needs accounts provisioned before start date,4.6,2.4
2289,2025-06-02 15:39,Security,High,Antivirus is flagging a file I downloaded,1.0,4.2
2290,2025-06-02 13:27,Printer,Medium,Print jobs stuck in queue and won't clear,6.9,2.0
2291,2025-06-02 11:24,Email,Medium,Outlook stuck in offline mode,4.7,4.6
2292,2025-06-02 12:08,Hardware,Medium,Docking station won't detect external monitor,51.2,2.7
2293,2025-06-02 15:46,Printer,Low,Print jobs stuck in queue and won't clear,3.7,3.5
2294,2025-06-02 18:23,Printer,Low,Can't add the new printer to my laptop,4.9,2.6
2295,2025-06-02 07:58,Hardware,High,Screen cracked after laptop bag fell,24.0,4.1
2296,2025-06-02 18:22,Network_VPN,Medium,VPN client won't launch after latest update,10.2,3.4
2297,2025-06-02 13:59,Hardware,High,Docking station won't detect external monitor,16.5,3.6
2298,2025-06-02 17:45,Hardware,Medium,Battery drains fully within an hour,26.0,4.7
2299,2025-06-02 11:15,Software,Low,Application keeps crashing on launch,15.2,3.0
2300,2025-06-02 13:25,Software,Low,Application keeps crashing on launch,20.3,3.0
2301,2025-06-02 13:16,Software,Medium,Need Adobe Acrobat installed for contract review,10.9,4.1
2302,2025-06-02 11:46,Software,Critical,Software freezes whenever I try to export a file,4.8,4.1
2303,2025-06-02 09:17,Hardware,Medium,Laptop won't power on at all,51.7,3.2
2304,2025-06-02 14:00,Printer,Medium,Can't add the new printer to my laptop,2.8,3.8
2305,2025-06-02 09:11,Network_VPN,Medium,Very slow network speeds on corporate Wi-Fi,9.3,3.1
2306,2025-06-02 14:36,Account_Access,Low,Need access to the shared finance drive for a project,2.9,4.9
2307,2025-06-02 10:16,Email,Medium,Emails to external clients are bouncing back,8.4,3.2
2308,2025-06-02 17:10,Security,High,My laptop is acting strange after opening an attachment,3.0,3.7
2309,2025-06-02 16:15,Network_VPN,Medium,VPN keeps disconnecting every few minutes,6.4,4.0
2310,2025-06-02 17:37,Hardware,Low,Laptop won't power on at all,37.1,4.9
2311,2025-06-02 16:33,Printer,Low,Printer on 3rd floor is offline,5.5,2.0
2312,2025-06-02 13:21,Security,Critical,Antivirus is flagging a file I downloaded,1.2,4.0
2313,2025-06-02 17:25,Account_Access,Critical,Forgot my password and self-service reset isn't working,1.6,4.9
2314,2025-06-03 18:25,Software,High,License activation error on design software,10.3,3.5
2315,2025-06-03 18:48,Printer,Low,Print jobs stuck in queue and won't clear,3.4,4.3
2316,2025-06-03 15:26,Email,Medium,Outlook stuck in offline mode,8.0,3.3
2317,2025-06-03 07:40,Software,Critical,Need Adobe Acrobat installed for contract review,6.5,4.7
2318,2025-06-03 10:38,Account_Access,Critical,Locked out of my account after password expired,1.5,4.5
2319,2025-06-03 14:42,Hardware,High,Laptop fan is extremely loud and it's overheating,15.8,4.9
2320,2025-06-03 09:55,Email,High,"Mailbox full, can't send or receive email",2.3,3.8
2321,2025-06-03 14:50,Hardware,High,Laptop fan is extremely loud and it's overheating,28.4,3.5
2322,2025-06-03 08:30,Network_VPN,Critical,VPN client won't launch after latest update,2.3,4.8
2323,2025-06-03 18:05,Software,Low,Application keeps crashing on launch,10.6,4.9
2324,2025-06-03 11:14,Network_VPN,Medium,VPN keeps disconnecting every few minutes,11.5,3.4
2325,2025-06-03 15:40,Printer,High,Can't add the new printer to my laptop,3.0,4.5
2326,2025-06-03 16:49,Printer,Medium,Printer on 3rd floor is offline,4.5,2.3
2327,2025-06-03 18:46,Security,High,Received a suspicious email asking for my password,1.5,4.6
2328,2025-06-03 11:07,Hardware,Critical,Laptop fan is extremely loud and it's overheating,11.4,3.9
2329,2025-06-03 18:07,Account_Access,Low,Locked out of my account after password expired,5.0,3.4
2330,2025-06-03 07:19,Software,High,Application keeps crashing on launch,12.0,4.4
2331,2025-06-03 12:51,Network_VPN,Medium,VPN client won't launch after latest update,7.3,2.6
2332,2025-06-03 13:00,Software,Medium,Application keeps crashing on launch,17.6,2.3
2333,2025-06-03 10:31,Hardware,Medium,Docking station won't detect external monitor,63.2,2.4
2334,2025-06-04 18:02,Network_VPN,Low,Wi-Fi drops constantly in the east building,9.4,3.2
2335,2025-06-04 18:36,Software,Medium,License activation error on design software,19.0,2.4
2336,2025-06-04 12:09,Hardware,High,Battery drains fully within an hour,27.9,4.1
2337,2025-06-04 18:03,Email,High,Emails to external clients are bouncing back,5.2,3.8
2338,2025-06-04 17:58,Security,Critical,Think I clicked a phishing link by accident,1.5,3.9
2339,2025-06-04 12:48,Email,Medium,"Mailbox full, can't send or receive email",5.8,3.0
2340,2025-06-04 10:44,Hardware,High,Laptop won't power on at all,13.6,4.5
2341,2025-06-04 07:54,Email,Low,Not receiving any emails since this morning,5.7,3.2
2342,2025-06-04 18:30,Security,High,Antivirus is flagging a file I downloaded,1.0,3.7
2343,2025-06-04 17:00,Account_Access,Medium,Need access to the shared finance drive for a project,5.2,2.3
2344,2025-06-04 13:27,Account_Access,Low,New hire needs accounts provisioned before start date,5.2,3.3
2345,2025-06-04 09:03,Software,High,Application keeps crashing on launch,2.1,5.0
2346,2025-06-04 17:46,Network_VPN,High,VPN client won't launch after latest update,4.3,5.0
2347,2025-06-04 16:11,Hardware,Medium,Laptop won't power on at all,43.3,2.5
2348,2025-06-04 08:49,Software,High,Requesting install of project management tool,12.4,4.5
2349,2025-06-04 08:07,Hardware,Medium,Docking station won't detect external monitor,55.5,2.6
2350,2025-06-04 16:36,Network_VPN,High,Very slow network speeds on corporate Wi-Fi,6.0,3.8
2351,2025-06-04 09:24,Security,High,My laptop is acting strange after opening an attachment,2.5,4.7
2352,2025-06-04 18:58,Hardware,Medium,Docking station won't detect external monitor,30.4,4.0
2353,2025-06-04 15:50,Email,Medium,Emails to external clients are bouncing back,8.1,2.6
2354,2025-06-04 17:07,Email,Low,Not receiving any emails since this morning,9.0,2.8
2355,2025-06-04 16:44,Printer,High,Print jobs stuck in queue and won't clear,3.9,3.8
2356,2025-06-05 10:41,Network_VPN,High,Very slow network speeds on corporate Wi-Fi,1.7,3.7
2357,2025-06-05 08:32,Network_VPN,Medium,VPN client won't launch after latest update,10.1,2.1
2358,2025-06-05 10:19,Account_Access,Low,New hire needs accounts provisioned before start date,5.9,3.0
2359,2025-06-05 09:36,Network_VPN,Critical,VPN client won't launch after latest update,1.8,4.3
2360,2025-06-05 15:32,Hardware,High,Screen cracked after laptop bag fell,37.5,4.0
2361,2025-06-05 09:19,Account_Access,Medium,Locked out of my account after password expired,2.3,3.6
2362,2025-06-05 12:17,Email,Critical,Emails to external clients are bouncing back,2.4,3.8
2363,2025-06-05 17:57,Network_VPN,Medium,VPN client won't launch after latest update,8.5,2.4
2364,2025-06-05 18:09,Network_VPN,Low,Very slow network speeds on corporate Wi-Fi,6.3,4.1
2365,2025-06-05 17:12,Hardware,High,Laptop won't power on at all,13.2,4.4
2366,2025-06-05 13:24,Printer,Low,Print jobs stuck in queue and won't clear,3.6,5.0
2367,2025-06-05 17:35,Network_VPN,Medium,VPN client won't launch after latest update,6.4,4.3
2368,2025-06-05 11:09,Hardware,High,Screen cracked after laptop bag fell,16.3,4.0
2369,2025-06-06 08:50,Account_Access,Medium,Locked out of my account after password expired,5.9,2.6
2370,2025-06-06 14:06,Security,High,Think I clicked a phishing link by accident,2.9,4.4
2371,2025-06-06 07:10,Hardware,Critical,Laptop fan is extremely loud and it's overheating,13.4,4.4
2372,2025-06-06 15:35,Account_Access,Low,Requesting elevated access to the deployment pipeline,5.3,3.0
2373,2025-06-06 15:45,Software,Medium,Requesting install of project management tool,10.0,3.5
2374,2025-06-06 18:40,Network_VPN,Low,"Cannot connect to VPN, authentication failed error",8.7,2.4
2375,2025-06-06 14:22,Security,High,Think I clicked a phishing link by accident,1.7,4.2
2376,2025-06-06 10:19,Printer,Low,Printer is printing blank pages,5.0,3.4
2377,2025-06-06 08:40,Software,High,Need Adobe Acrobat installed for contract review,5.7,4.0
2378,2025-06-06 18:18,Network_VPN,Critical,"Cannot connect to VPN, authentication failed error",1.5,3.6
2379,2025-06-06 17:32,Software,High,Requesting install of project management tool,1.1,4.9
2380,2025-06-06 15:44,Security,High,Think I clicked a phishing link by accident,1.9,5.0
2381,2025-06-06 18:27,Network_VPN,High,VPN keeps disconnecting every few minutes,6.0,4.6
2382,2025-06-06 15:43,Software,Low,License activation error on design software,19.8,3.4
2383,2025-06-06 15:57,Software,Medium,Software freezes whenever I try to export a file,10.6,4.9
2384,2025-06-07 13:31,Network_VPN,High,Wi-Fi drops constantly in the east building,3.8,4.9
2385,2025-06-08 08:18,Network_VPN,Medium,VPN keeps disconnecting every few minutes,9.5,3.2
2386,2025-06-08 13:13,Account_Access,Medium,Forgot my password and self-service reset isn't working,2.2,4.4
2387,2025-06-08 07:22,Security,Critical,Received a suspicious email asking for my password,1.7,4.8
2388,2025-06-09 18:11,Software,Low,License activation error on design software,9.6,4.0
2389,2025-06-09 15:57,Hardware,Medium,Laptop won't power on at all,47.8,2.1
2390,2025-06-09 11:14,Network_VPN,Critical,VPN keeps disconnecting every few minutes,1.0,4.7
2391,2025-06-09 11:06,Hardware,Medium,Screen cracked after laptop bag fell,44.8,2.3
2392,2025-06-09 12:56,Security,Medium,My laptop is acting strange after opening an attachment,3.5,2.7
2393,2025-06-09 13:47,Email,Low,Emails to external clients are bouncing back,5.5,3.7
2394,2025-06-09 17:17,Account_Access,Low,Locked out of my account after password expired,2.9,4.2
2395,2025-06-09 12:48,Network_VPN,Medium,Very slow network speeds on corporate Wi-Fi,10.5,3.1
2396,2025-06-09 13:08,Printer,Medium,Can't add the new printer to my laptop,7.6,3.3
2397,2025-06-09 07:49,Network_VPN,High,VPN keeps disconnecting every few minutes,1.7,4.0
2398,2025-06-10 14:18,Network_VPN,Medium,Wi-Fi drops constantly in the east building,8.9,2.0
2399,2025-06-10 15:11,Account_Access,High,Locked out of my account after password expired,1.2,3.7
2400,2025-06-10 13:12,Account_Access,High,Locked out of my account after password expired,3.2,3.9
2401,2025-06-10 16:40,Hardware,High,Laptop won't power on at all,21.1,3.8
2402,2025-06-10 10:59,Software,Low,Application keeps crashing on launch,14.4,2.4
2403,2025-06-10 13:33,Network_VPN,High,VPN keeps disconnecting every few minutes,1.5,3.6
2404,2025-06-10 13:41,Account_Access,Medium,Need access to the shared finance drive for a project,3.8,2.1
2405,2025-06-10 13:15,Network_VPN,Medium,VPN keeps disconnecting every few minutes,6.5,4.0
2406,2025-06-10 12:13,Account_Access,Low,Locked out of my account after password expired,2.2,4.5
2407,2025-06-10 14:23,Account_Access,High,Forgot my password and self-service reset isn't working,0.8,3.8
2408,2025-06-10 09:21,Account_Access,Low,Locked out of my account after password expired,2.2,4.3
2409,2025-06-10 10:41,Account_Access,High,Forgot my password and self-service reset isn't working,2.1,4.4
2410,2025-06-10 18:38,Account_Access,Medium,New hire needs accounts provisioned before start date,5.6,2.2
2411,2025-06-10 10:45,Network_VPN,Critical,VPN client won't launch after latest update,3.4,4.7
2412,2025-06-10 18:30,Hardware,Low,Laptop won't power on at all,50.4,2.5
2413,2025-06-11 11:57,Hardware,Low,Battery drains fully within an hour,33.5,4.3
2414,2025-06-11 13:04,Email,High,Outlook stuck in offline mode,3.0,4.6
2415,2025-06-11 16:17,Hardware,Critical,Laptop fan is extremely loud and it's overheating,12.6,3.5
2416,2025-06-11 18:12,Software,Low,Application keeps crashing on launch,23.3,2.1
2417,2025-06-11 08:10,Printer,Medium,Can't add the new printer to my laptop,5.5,2.8
2418,2025-06-11 11:13,Hardware,Medium,Laptop fan is extremely loud and it's overheating,61.5,2.6
2419,2025-06-11 15:29,Network_VPN,Medium,"Cannot connect to VPN, authentication failed error",8.9,2.0
2420,2025-06-11 11:35,Hardware,Medium,Laptop fan is extremely loud and it's overheating,65.0,2.4
2421,2025-06-11 09:56,Network_VPN,Low,"Cannot connect to VPN, authentication failed error",6.1,3.6
2422,2025-06-11 10:52,Account_Access,Medium,Need access to the shared finance drive for a project,5.2,3.0
2423,2025-06-11 12:20,Account_Access,Low,Locked out of my account after password expired,3.5,2.9
2424,2025-06-11 11:20,Network_VPN,Medium,VPN client won't launch after latest update,5.3,4.8
2425,2025-06-11 09:16,Security,Critical,Received a suspicious email asking for my password,0.8,4.9
2426,2025-06-11 11:55,Security,Critical,Received a suspicious email asking for my password,1.4,4.9
2427,2025-06-12 10:37,Software,Low,Software freezes whenever I try to export a file,15.0,2.5
2428,2025-06-12 12:09,Software,Low,Requesting install of project management tool,11.6,4.6
2429,2025-06-12 09:12,Email,Medium,"Mailbox full, can't send or receive email",6.6,3.2
2430,2025-06-12 09:52,Software,Medium,Application keeps crashing on launch,8.2,3.7
2431,2025-06-12 14:58,Hardware,Medium,Laptop fan is extremely loud and it's overheating,31.2,4.1
2432,2025-06-12 07:38,Software,Low,Requesting install of project management tool,16.4,3.1
2433,2025-06-12 17:59,Network_VPN,Low,Very slow network speeds on corporate Wi-Fi,10.7,3.1
2434,2025-06-12 16:00,Network_VPN,High,"Cannot connect to VPN, authentication failed error",2.5,4.9
2435,2025-06-12 12:54,Printer,High,Printer on 3rd floor is offline,0.9,4.6
2436,2025-06-12 09:19,Software,Low,Application keeps crashing on launch,20.1,3.3
2437,2025-06-12 15:07,Account_Access,Medium,Need access to the shared finance drive for a project,4.2,2.4
2438,2025-06-12 13:09,Network_VPN,Low,VPN keeps disconnecting every few minutes,6.6,2.8
2439,2025-06-12 17:18,Network_VPN,Low,"Cannot connect to VPN, authentication failed error",7.6,2.2
2440,2025-06-12 14:10,Account_Access,Medium,Requesting elevated access to the deployment pipeline,4.9,3.4
2441,2025-06-12 16:21,Security,Medium,Think I clicked a phishing link by accident,5.8,2.5
2442,2025-06-12 15:21,Network_VPN,High,VPN keeps disconnecting every few minutes,4.3,3.8
2443,2025-06-12 11:22,Software,Low,Requesting install of project management tool,18.6,2.5
2444,2025-06-12 18:51,Email,High,Outlook stuck in offline mode,4.0,4.9
2445,2025-06-12 09:20,Network_VPN,High,VPN keeps disconnecting every few minutes,6.4,4.7
2446,2025-06-12 08:07,Network_VPN,High,Very slow network speeds on corporate Wi-Fi,5.3,4.2
2447,2025-06-12 13:22,Software,Low,License activation error on design software,13.1,2.2
2448,2025-06-12 17:21,Account_Access,Medium,Requesting elevated access to the deployment pipeline,5.9,2.9
2449,2025-06-12 14:34,Network_VPN,Medium,"Cannot connect to VPN, authentication failed error",8.5,2.8
2450,2025-06-12 16:49,Hardware,Medium,Battery drains fully within an hour,52.1,2.6
2451,2025-06-12 07:23,Software,Medium,Application keeps crashing on launch,11.7,3.5
2452,2025-06-12 09:18,Software,High,Application keeps crashing on launch,1.7,4.0
2453,2025-06-12 10:03,Hardware,Critical,Laptop fan is extremely loud and it's overheating,19.5,3.9
2454,2025-06-12 07:44,Printer,High,Printer on 3rd floor is offline,3.1,4.1
2455,2025-06-13 09:01,Account_Access,Medium,Locked out of my account after password expired,2.4,4.8
2456,2025-06-13 13:09,Network_VPN,Low,"Cannot connect to VPN, authentication failed error",4.9,4.4
2457,2025-06-13 11:30,Printer,Medium,Can't add the new printer to my laptop,6.7,3.0
2458,2025-06-13 08:09,Hardware,Medium,Screen cracked after laptop bag fell,55.1,2.0
2459,2025-06-13 13:53,Network_VPN,High,VPN keeps disconnecting every few minutes,2.0,3.7
2460,2025-06-13 15:19,Hardware,High,Docking station won't detect external monitor,32.2,4.9
2461,2025-06-13 13:08,Software,High,Requesting install of project management tool,4.1,3.6
2462,2025-06-13 18:35,Printer,Medium,Can't add the new printer to my laptop,3.9,3.8
2463,2025-06-13 17:25,Software,High,Need Adobe Acrobat installed for contract review,6.4,4.0
2464,2025-06-13 11:06,Email,Low,Emails to external clients are bouncing back,6.0,2.6
2465,2025-06-13 11:10,Network_VPN,High,Wi-Fi drops constantly in the east building,5.7,3.5
2466,2025-06-13 10:35,Hardware,Medium,Laptop won't power on at all,24.9,4.9
2467,2025-06-13 07:36,Account_Access,Medium,Locked out of my account after password expired,2.5,4.4
2468,2025-06-13 07:22,Security,Low,My laptop is acting strange after opening an attachment,3.4,3.4
2469,2025-06-13 12:08,Printer,Medium,Can't add the new printer to my laptop,4.4,2.6
2470,2025-06-13 15:51,Software,Medium,Need Adobe Acrobat installed for contract review,22.3,2.8
2471,2025-06-13 07:18,Printer,Medium,Printer on 3rd floor is offline,4.8,2.9
2472,2025-06-13 10:56,Network_VPN,Low,Very slow network speeds on corporate Wi-Fi,9.1,3.4
2473,2025-06-13 15:46,Account_Access,High,Need access to the shared finance drive for a project,0.9,4.9
2474,2025-06-13 12:18,Software,High,Software freezes whenever I try to export a file,4.9,4.7
2475,2025-06-13 10:13,Account_Access,Low,Requesting elevated access to the deployment pipeline,4.9,3.0
2476,2025-06-14 07:09,Software,Medium,Application keeps crashing on launch,23.9,2.1
2477,2025-06-14 08:31,Printer,Medium,Printer is printing blank pages,7.8,3.2
2478,2025-06-14 16:23,Network_VPN,Medium,Wi-Fi drops constantly in the east building,6.6,2.1
2479,2025-06-14 14:16,Account_Access,Low,Locked out of my account after password expired,5.1,2.4
2480,2025-06-15 12:54,Software,High,Application keeps crashing on launch,12.2,4.2
2481,2025-06-15 12:32,Account_Access,High,Requesting elevated access to the deployment pipeline,3.0,3.7
2482,2025-06-15 11:56,Email,Medium,Outlook stuck in offline mode,8.0,2.8
2483,2025-06-16 07:09,Software,Medium,Need Adobe Acrobat installed for contract review,11.8,4.7
2484,2025-06-16 10:24,Email,Medium,Outlook stuck in offline mode,7.3,3.3
2485,2025-06-16 14:06,Email,Medium,"Mailbox full, can't send or receive email",6.7,2.8
2486,2025-06-16 10:25,Network_VPN,Critical,VPN keeps disconnecting every few minutes,3.5,4.7
2487,2025-06-16 18:30,Account_Access,Medium,Forgot my password and self-service reset isn't working,4.5,2.3
2488,2025-06-16 17:13,Network_VPN,Low,Very slow network speeds on corporate Wi-Fi,5.5,4.2
2489,2025-06-16 12:50,Account_Access,Critical,Locked out of my account after password expired,1.6,3.6
2490,2025-06-16 17:27,Hardware,Medium,Docking station won't detect external monitor,34.5,3.5
2491,2025-06-16 11:55,Account_Access,Low,Need access to the shared finance drive for a project,2.4,4.1
2492,2025-06-16 07:05,Printer,Medium,Can't add the new printer to my laptop,6.3,2.4
2493,2025-06-16 12:26,Email,Medium,Not receiving any emails since this morning,8.4,2.2
2494,2025-06-17 16:24,Hardware,Critical,Battery drains fully within an hour,11.4,4.9
2495,2025-06-17 12:42,Email,Low,Emails to external clients are bouncing back,7.9,2.9
2496,2025-06-17 14:55,Security,Low,Antivirus is flagging a file I downloaded,5.6,3.4
2497,2025-06-17 09:40,Account_Access,Medium,Requesting elevated access to the deployment pipeline,4.9,3.5
2498,2025-06-17 13:44,Hardware,Low,Laptop fan is extremely loud and it's overheating,34.8,5.0
2499,2025-06-17 10:43,Hardware,High,Battery drains fully within an hour,11.3,3.8
2500,2025-06-17 11:32,Software,Medium,Need Adobe Acrobat installed for contract review,13.8,2.5
2501,2025-06-17 13:22,Email,High,"Mailbox full, can't send or receive email",3.9,4.2
2502,2025-06-17 09:29,Account_Access,Medium,New hire needs accounts provisioned before start date,5.9,2.5
2503,2025-06-17 11:54,Hardware,High,Battery drains fully within an hour,9.5,4.2
2504,2025-06-17 08:05,Software,Medium,Requesting install of project management tool,19.2,3.4
2505,2025-06-17 08:31,Printer,Low,Printer on 3rd floor is offline,2.8,4.9
2506,2025-06-17 17:18,Printer,Medium,Printer on 3rd floor is offline,5.4,3.2
2507,2025-06-17 10:54,Email,Medium,Emails to external clients are bouncing back,6.6,2.6
2508,2025-06-17 17:45,Hardware,Medium,Laptop won't power on at all,62.2,2.7
2509,2025-06-17 11:17,Printer,Low,Can't add the new printer to my laptop,4.7,2.3
2510,2025-06-17 17:15,Email,Medium,Outlook stuck in offline mode,9.4,3.4
2511,2025-06-17 15:52,Network_VPN,Low,Very slow network speeds on corporate Wi-Fi,4.5,4.7
2512,2025-06-17 10:35,Printer,Low,Printer is printing blank pages,7.8,3.5
2513,2025-06-17 16:27,Security,High,Think I clicked a phishing link by accident,1.6,3.6
2514,2025-06-17 15:10,Network_VPN,Critical,Very slow network speeds on corporate Wi-Fi,1.5,4.9
2515,2025-06-17 16:50,Hardware,High,Laptop won't power on at all,8.3,3.7
2516,2025-06-17 08:05,Hardware,High,Screen cracked after laptop bag fell,9.4,4.0
2517,2025-06-18 08:36,Hardware,Medium,Laptop fan is extremely loud and it's overheating,53.8,2.8
2518,2025-06-18 09:15,Hardware,Critical,Battery drains fully within an hour,14.8,4.7
2519,2025-06-18 13:49,Software,Low,Application keeps crashing on launch,16.5,2.4
2520,2025-06-18 17:37,Account_Access,Medium,Locked out of my account after password expired,5.7,2.9
2521,2025-06-18 11:16,Email,Medium,"Mailbox full, can't send or receive email",7.5,2.2
2522,2025-06-18 10:25,Email,Low,"Mailbox full, can't send or receive email",9.0,3.4
2523,2025-06-18 10:43,Network_VPN,Medium,VPN keeps disconnecting every few minutes,8.0,2.9
2524,2025-06-18 11:00,Hardware,High,Screen cracked after laptop bag fell,19.3,3.7
2525,2025-06-19 12:30,Software,High,Software freezes whenever I try to export a file,2.3,4.0
2526,2025-06-19 10:38,Security,Medium,Received a suspicious email asking for my password,5.0,3.4
2527,2025-06-19 12:07,Network_VPN,Medium,VPN keeps disconnecting every few minutes,10.2,2.3
2528,2025-06-19 09:17,Email,Medium,"Mailbox full, can't send or receive email",5.1,4.6
2529,2025-06-19 11:29,Account_Access,Critical,Need access to the shared finance drive for a project,1.0,4.3
2530,2025-06-19 11:11,Printer,Low,Can't add the new printer to my laptop,7.7,3.4
2531,2025-06-19 16:19,Network_VPN,Critical,Wi-Fi drops constantly in the east building,1.3,4.7
2532,2025-06-19 13:38,Network_VPN,Critical,"Cannot connect to VPN, authentication failed error",2.3,4.8
2533,2025-06-19 16:22,Printer,Medium,Printer is printing blank pages,5.9,2.6
2534,2025-06-19 11:37,Account_Access,Medium,Locked out of my account after password expired,5.6,3.4
2535,2025-06-19 12:25,Hardware,High,Laptop fan is extremely loud and it's overheating,25.9,4.9
2536,2025-06-19 10:04,Network_VPN,High,"Cannot connect to VPN, authentication failed error",3.4,3.8
2537,2025-06-19 12:44,Account_Access,Medium,Forgot my password and self-service reset isn't working,5.2,2.2
2538,2025-06-20 15:04,Printer,Medium,Print jobs stuck in queue and won't clear,6.9,3.3
2539,2025-06-20 18:38,Hardware,Medium,Laptop fan is extremely loud and it's overheating,34.8,4.3
2540,2025-06-20 13:20,Security,High,Received a suspicious email asking for my password,2.3,4.5
2541,2025-06-20 11:26,Email,Medium,Emails to external clients are bouncing back,8.8,2.7
2542,2025-06-20 16:01,Network_VPN,Medium,Very slow network speeds on corporate Wi-Fi,6.8,2.6
2543,2025-06-20 13:02,Account_Access,Critical,New hire needs accounts provisioned before start date,1.8,3.9
2544,2025-06-20 13:46,Email,Medium,"Mailbox full, can't send or receive email",3.8,4.2
2545,2025-06-20 12:31,Account_Access,High,Forgot my password and self-service reset isn't working,1.6,4.3
2546,2025-06-21 08:53,Network_VPN,High,Wi-Fi drops constantly in the east building,3.5,4.8
2547,2025-06-21 09:06,Account_Access,Low,New hire needs accounts provisioned before start date,3.0,4.7
2548,2025-06-21 12:52,Security,Medium,My laptop is acting strange after opening an attachment,2.5,4.6
2549,2025-06-21 07:07,Email,Critical,"Mailbox full, can't send or receive email",3.0,3.9
2550,2025-06-23 18:10,Network_VPN,High,Wi-Fi drops constantly in the east building,5.4,4.1
2551,2025-06-23 16:56,Security,Medium,My laptop is acting strange after opening an attachment,3.4,2.2
2552,2025-06-23 10:36,Email,High,Not receiving any emails since this morning,4.0,4.3
2553,2025-06-23 10:05,Hardware,Critical,Docking station won't detect external monitor,9.5,4.6
2554,2025-06-23 10:42,Account_Access,High,Forgot my password and self-service reset isn't working,1.5,4.8
2555,2025-06-23 10:00,Software,Medium,Application keeps crashing on launch,9.1,4.2
2556,2025-06-23 10:52,Software,High,Requesting install of project management tool,3.2,3.7
2557,2025-06-23 18:29,Software,Medium,Software freezes whenever I try to export a file,12.9,3.4
2558,2025-06-23 13:28,Software,Low,Software freezes whenever I try to export a file,10.0,4.9
2559,2025-06-23 09:43,Email,High,Emails to external clients are bouncing back,1.8,3.9
2560,2025-06-23 18:07,Account_Access,Medium,New hire needs accounts provisioned before start date,2.7,4.8
2561,2025-06-23 14:22,Account_Access,Low,Requesting elevated access to the deployment pipeline,2.3,4.5
2562,2025-06-23 15:27,Account_Access,Low,New hire needs accounts provisioned before start date,3.8,2.2
2563,2025-06-23 13:46,Hardware,Medium,Laptop won't power on at all,42.0,2.1
2564,2025-06-23 15:38,Security,High,Think I clicked a phishing link by accident,1.6,4.4
2565,2025-06-23 08:14,Hardware,Medium,Docking station won't detect external monitor,26.8,3.9
2566,2025-06-23 11:14,Network_VPN,Medium,VPN keeps disconnecting every few minutes,6.1,4.3
2567,2025-06-23 18:17,Email,Medium,Not receiving any emails since this morning,4.3,4.6
2568,2025-06-23 16:18,Hardware,High,Battery drains fully within an hour,15.8,3.9
2569,2025-06-23 18:19,Printer,Low,Printer on 3rd floor is offline,7.5,2.9
2570,2025-06-23 12:57,Email,Medium,Emails to external clients are bouncing back,8.0,2.2
2571,2025-06-23 11:56,Hardware,High,Laptop won't power on at all,18.5,3.5
2572,2025-06-24 14:55,Network_VPN,Medium,VPN keeps disconnecting every few minutes,11.8,2.9
2573,2025-06-24 11:53,Account_Access,Low,Locked out of my account after password expired,2.2,4.5
2574,2025-06-24 11:51,Account_Access,Low,New hire needs accounts provisioned before start date,2.7,3.6
2575,2025-06-24 17:31,Printer,Medium,Can't add the new printer to my laptop,4.6,2.8
2576,2025-06-24 15:49,Account_Access,Low,Requesting elevated access to the deployment pipeline,3.5,3.1
2577,2025-06-24 17:01,Software,Medium,Software freezes whenever I try to export a file,12.2,4.3
2578,2025-06-24 14:01,Network_VPN,High,Very slow network speeds on corporate Wi-Fi,4.6,3.7
2579,2025-06-24 13:40,Account_Access,Medium,Requesting elevated access to the deployment pipeline,5.0,2.3
2580,2025-06-24 14:56,Network_VPN,High,Wi-Fi drops constantly in the east building,4.7,4.8
2581,2025-06-24 16:26,Hardware,Critical,Screen cracked after laptop bag fell,9.9,4.0
2582,2025-06-25 08:27,Account_Access,Medium,Locked out of my account after password expired,4.9,3.3
2583,2025-06-25 17:09,Printer,Low,Printer is printing blank pages,7.8,2.7
2584,2025-06-25 09:19,Hardware,High,Battery drains fully within an hour,13.9,4.3
2585,2025-06-25 11:52,Hardware,High,Laptop won't power on at all,4.5,3.6
2586,2025-06-25 07:03,Software,Medium,Need Adobe Acrobat installed for contract review,8.0,4.0
2587,2025-06-25 15:09,Account_Access,High,Forgot my password and self-service reset isn't working,2.7,4.3
2588,2025-06-25 08:18,Security,Medium,Antivirus is flagging a file I downloaded,5.0,2.6
2589,2025-06-25 13:27,Account_Access,High,Requesting elevated access to the deployment pipeline,1.2,4.5
2590,2025-06-25 09:36,Hardware,Critical,Laptop won't power on at all,19.6,4.4
2591,2025-06-25 11:08,Hardware,High,Screen cracked after laptop bag fell,8.7,4.7
2592,2025-06-25 17:29,Hardware,Medium,Battery drains fully within an hour,28.5,4.3
2593,2025-06-25 15:28,Hardware,High,Docking station won't detect external monitor,32.4,3.6
2594,2025-06-25 13:29,Software,High,Software freezes whenever I try to export a file,9.2,4.2
2595,2025-06-25 13:05,Hardware,High,Docking station won't detect external monitor,35.0,3.5
2596,2025-06-25 16:34,Printer,Medium,Printer is printing blank pages,5.8,2.6
2597,2025-06-25 17:00,Email,Low,Outlook stuck in offline mode,9.0,2.2
2598,2025-06-26 17:06,Printer,Medium,Can't add the new printer to my laptop,3.2,3.9
2599,2025-06-26 07:07,Account_Access,High,Locked out of my account after password expired,2.1,4.5
2600,2025-06-26 14:08,Printer,Medium,Printer on 3rd floor is offline,5.5,2.8
2601,2025-06-26 07:51,Account_Access,Medium,Need access to the shared finance drive for a project,3.3,3.5
2602,2025-06-26 08:33,Hardware,Medium,Battery drains fully within an hour,24.4,4.4
2603,2025-06-26 13:03,Network_VPN,Low,"Cannot connect to VPN, authentication failed error",4.5,4.3
2604,2025-06-26 15:16,Security,High,Antivirus is flagging a file I downloaded,3.2,4.7
2605,2025-06-26 17:01,Email,High,Not receiving any emails since this morning,3.8,4.1
2606,2025-06-26 14:30,Network_VPN,Medium,"Cannot connect to VPN, authentication failed error",10.0,2.8
2607,2025-06-26 13:24,Account_Access,Critical,Locked out of my account after password expired,1.2,4.5
2608,2025-06-26 11:29,Software,Medium,Need Adobe Acrobat installed for contract review,21.0,2.2
2609,2025-06-26 17:39,Network_VPN,Low,Very slow network speeds on corporate Wi-Fi,6.6,3.0
2610,2025-06-26 11:00,Hardware,Critical,Screen cracked after laptop bag fell,12.0,4.6
2611,2025-06-26 18:33,Security,High,Antivirus is flagging a file I downloaded,2.9,3.8
2612,2025-06-26 16:21,Hardware,Medium,Laptop won't power on at all,31.6,4.5
2613,2025-06-26 13:04,Hardware,Medium,Battery drains fully within an hour,60.7,2.5
2614,2025-06-26 16:45,Email,Medium,Not receiving any emails since this morning,6.7,3.0
2615,2025-06-26 12:37,Security,Medium,Antivirus is flagging a file I downloaded,3.4,3.4
2616,2025-06-26 10:06,Software,Low,Requesting install of project management tool,8.4,4.6
2617,2025-06-26 18:50,Software,High,Requesting install of project management tool,6.5,4.6
2618,2025-06-26 08:03,Account_Access,High,Need access to the shared finance drive for a project,1.6,5.0
2619,2025-06-26 12:38,Software,Low,Need Adobe Acrobat installed for contract review,20.0,2.7
2620,2025-06-27 17:36,Email,Medium,Emails to external clients are bouncing back,8.1,2.6
2621,2025-06-27 10:47,Software,Low,Application keeps crashing on launch,14.9,2.4
2622,2025-06-27 17:42,Network_VPN,High,VPN client won't launch after latest update,2.1,4.4
2623,2025-06-27 13:36,Network_VPN,High,VPN keeps disconnecting every few minutes,5.9,4.0
2624,2025-06-27 18:41,Hardware,Medium,Laptop won't power on at all,56.9,3.4
2625,2025-06-27 12:22,Hardware,High,Battery drains fully within an hour,23.4,4.2
2626,2025-06-27 17:24,Software,High,Software freezes whenever I try to export a file,10.2,4.2
2627,2025-06-27 14:14,Email,Low,"Mailbox full, can't send or receive email",7.0,2.2
2628,2025-06-27 11:24,Network_VPN,Medium,VPN client won't launch after latest update,6.0,4.9
2629,2025-06-27 15:36,Software,High,Need Adobe Acrobat installed for contract review,2.8,3.9
2630,2025-06-27 07:34,Account_Access,High,New hire needs accounts provisioned before start date,1.9,4.1
2631,2025-06-27 17:01,Software,Medium,Need Adobe Acrobat installed for contract review,23.0,3.5
2632,2025-06-27 09:13,Network_VPN,Medium,Very slow network speeds on corporate Wi-Fi,6.9,3.1
2633,2025-06-27 10:31,Hardware,Critical,Screen cracked after laptop bag fell,15.3,4.8
2634,2025-06-27 07:22,Network_VPN,Critical,VPN client won't launch after latest update,2.9,4.6
2635,2025-06-27 15:30,Security,High,My laptop is acting strange after opening an attachment,2.2,3.6
2636,2025-06-27 10:41,Security,Critical,Antivirus is flagging a file I downloaded,0.6,4.2
2637,2025-06-27 07:59,Account_Access,Medium,Requesting elevated access to the deployment pipeline,5.4,3.5
2638,2025-06-27 18:01,Network_VPN,Medium,"Cannot connect to VPN, authentication failed error",10.9,3.0
2639,2025-06-27 18:27,Software,Medium,Need Adobe Acrobat installed for contract review,14.0,2.2
2640,2025-06-27 12:22,Hardware,Medium,Laptop won't power on at all,67.1,3.5
2641,2025-06-27 07:14,Network_VPN,Critical,Very slow network speeds on corporate Wi-Fi,1.7,3.6
2642,2025-06-27 18:15,Hardware,High,Laptop fan is extremely loud and it's overheating,37.7,3.5
2643,2025-06-27 12:22,Email,Low,"Mailbox full, can't send or receive email",6.5,2.4
2644,2025-06-27 17:07,Software,Critical,Application keeps crashing on launch,1.7,4.1
2645,2025-06-27 18:52,Software,Low,Need Adobe Acrobat installed for contract review,16.7,2.7
2646,2025-06-27 15:18,Account_Access,Medium,Need access to the shared finance drive for a project,3.3,2.6
2647,2025-06-27 15:06,Email,Medium,Emails to external clients are bouncing back,5.4,4.5
2648,2025-06-29 15:14,Email,Medium,Not receiving any emails since this morning,5.0,3.7
2649,2025-06-29 09:02,Account_Access,Medium,New hire needs accounts provisioned before start date,3.6,3.2
2650,2025-06-30 11:17,Software,Critical,Requesting install of project management tool,1.1,4.8
2651,2025-06-30 16:24,Software,High,License activation error on design software,2.0,3.9
2652,2025-06-30 09:42,Hardware,Medium,Docking station won't detect external monitor,26.5,3.8
2653,2025-06-30 07:58,Hardware,High,Laptop won't power on at all,5.1,4.6
2654,2025-06-30 16:13,Software,High,License activation error on design software,11.4,4.7
2655,2025-06-30 18:59,Printer,Medium,Printer is printing blank pages,6.0,3.3
2656,2025-06-30 17:18,Printer,Medium,Printer on 3rd floor is offline,5.7,3.4
2657,2025-06-30 11:10,Email,Medium,Not receiving any emails since this morning,8.2,3.2
2658,2025-06-30 07:17,Security,Critical,My laptop is acting strange after opening an attachment,1.8,3.7
2659,2025-06-30 12:36,Printer,Low,Printer is printing blank pages,4.1,4.3
2660,2025-06-30 17:51,Hardware,Medium,Laptop fan is extremely loud and it's overheating,37.2,3.9
2661,2025-06-30 11:54,Printer,Low,Printer on 3rd floor is offline,5.7,2.5
2662,2025-06-30 12:30,Network_VPN,Low,Very slow network speeds on corporate Wi-Fi,4.4,3.6
2663,2025-06-30 11:57,Software,Low,Software freezes whenever I try to export a file,8.8,4.9
2664,2025-06-30 11:16,Software,Critical,License activation error on design software,3.5,3.9
2665,2025-06-30 17:03,Email,Medium,Emails to external clients are bouncing back,4.8,4.8
2666,2025-06-30 12:02,Account_Access,Low,Locked out of my account after password expired,4.1,2.7
2667,2025-06-30 11:01,Software,Low,Application keeps crashing on launch,19.4,2.4
2668,2025-06-30 08:04,Software,Medium,License activation error on design software,8.6,3.9
2669,2025-07-01 17:26,Hardware,Low,Laptop fan is extremely loud and it's overheating,34.1,4.4
2670,2025-07-01 12:21,Network_VPN,High,Very slow network speeds on corporate Wi-Fi,1.8,4.0
2671,2025-07-01 09:23,Security,High,Antivirus is flagging a file I downloaded,3.2,4.4
2672,2025-07-01 12:32,Network_VPN,Critical,"Cannot connect to VPN, authentication failed error",1.1,4.4
2673,2025-07-01 17:46,Printer,High,Printer is printing blank pages,1.9,4.4
2674,2025-07-01 16:32,Network_VPN,Critical,VPN keeps disconnecting every few minutes,3.6,5.0
2675,2025-07-01 07:38,Security,High,My laptop is acting strange after opening an attachment,0.8,4.8
2676,2025-07-01 16:18,Hardware,High,Laptop fan is extremely loud and it's overheating,14.8,3.8
2677,2025-07-01 14:20,Email,Medium,Outlook stuck in offline mode,8.5,2.5
2678,2025-07-01 13:23,Printer,Medium,Printer on 3rd floor is offline,5.1,3.4
2679,2025-07-01 16:14,Network_VPN,Medium,VPN client won't launch after latest update,11.3,3.0
2680,2025-07-01 15:15,Hardware,Medium,Docking station won't detect external monitor,63.8,3.5
2681,2025-07-01 11:21,Printer,Medium,Can't add the new printer to my laptop,6.2,2.9
2682,2025-07-01 14:40,Account_Access,Medium,Locked out of my account after password expired,4.1,2.2
2683,2025-07-01 08:26,Email,High,Emails to external clients are bouncing back,4.9,3.5
2684,2025-07-01 07:53,Account_Access,High,New hire needs accounts provisioned before start date,1.8,3.7
2685,2025-07-01 13:57,Hardware,Critical,Battery drains fully within an hour,6.3,4.8
2686,2025-07-01 08:21,Hardware,Medium,Battery drains fully within an hour,50.9,3.1
2687,2025-07-01 07:04,Email,Medium,Outlook stuck in offline mode,7.6,3.5
2688,2025-07-01 18:53,Printer,High,Printer is printing blank pages,3.9,4.4
2689,2025-07-01 16:58,Hardware,High,Docking station won't detect external monitor,28.9,4.6
2690,2025-07-01 17:41,Email,Medium,"Mailbox full, can't send or receive email",3.7,4.4
2691,2025-07-01 08:14,Hardware,Medium,Screen cracked after laptop bag fell,48.6,2.9
2692,2025-07-01 15:54,Account_Access,Low,Forgot my password and self-service reset isn't working,4.1,2.8
2693,2025-07-02 18:56,Account_Access,Medium,Requesting elevated access to the deployment pipeline,2.8,3.7
2694,2025-07-02 12:06,Security,High,Think I clicked a phishing link by accident,1.3,4.8
2695,2025-07-02 09:18,Account_Access,Low,Need access to the shared finance drive for a project,3.2,4.2
2696,2025-07-02 17:17,Security,Critical,Antivirus is flagging a file I downloaded,1.5,4.9
2697,2025-07-02 16:57,Network_VPN,Medium,"Cannot connect to VPN, authentication failed error",8.2,2.3
2698,2025-07-02 07:23,Network_VPN,Medium,VPN client won't launch after latest update,5.8,4.2
2699,2025-07-02 14:18,Account_Access,Medium,New hire needs accounts provisioned before start date,3.9,2.2
2700,2025-07-02 09:17,Email,Medium,"Mailbox full, can't send or receive email",6.4,2.4
2701,2025-07-02 10:46,Printer,High,Printer on 3rd floor is offline,3.5,4.6
2702,2025-07-02 15:43,Network_VPN,Medium,"Cannot connect to VPN, authentication failed error",6.4,4.4
2703,2025-07-02 18:50,Printer,High,Printer is printing blank pages,0.6,3.7
2704,2025-07-02 07:40,Hardware,High,Battery drains fully within an hour,26.5,4.8
2705,2025-07-02 17:12,Software,Low,Application keeps crashing on launch,14.0,3.4
2706,2025-07-02 09:12,Account_Access,Medium,Need access to the shared finance drive for a project,2.9,4.2
2707,2025-07-02 07:27,Software,Critical,Need Adobe Acrobat installed for contract review,5.9,4.6
2708,2025-07-02 18:16,Network_VPN,High,VPN client won't launch after latest update,4.9,3.6
2709,2025-07-02 09:56,Software,Low,Software freezes whenever I try to export a file,13.5,2.8
2710,2025-07-02 17:25,Account_Access,High,Need access to the shared finance drive for a project,2.3,4.2
2711,2025-07-02 11:26,Software,Medium,Software freezes whenever I try to export a file,9.5,3.7
2712,2025-07-02 12:42,Security,Medium,Antivirus is flagging a file I downloaded,3.8,2.3
2713,2025-07-02 14:38,Network_VPN,High,Very slow network speeds on corporate Wi-Fi,5.3,4.2
2714,2025-07-03 13:03,Software,Low,Need Adobe Acrobat installed for contract review,16.1,3.3
2715,2025-07-03 14:27,Software,Low,License activation error on design software,13.0,2.6
2716,2025-07-03 07:19,Hardware,Medium,Laptop won't power on at all,59.1,2.5
2717,2025-07-03 17:07,Hardware,High,Battery drains fully within an hour,9.7,3.8
2718,2025-07-03 07:51,Security,Medium,Antivirus is flagging a file I downloaded,4.2,3.4
2719,2025-07-03 17:03,Account_Access,High,Forgot my password and self-service reset isn't working,2.6,4.3
2720,2025-07-03 13:55,Hardware,High,Screen cracked after laptop bag fell,37.5,4.8
2721,2025-07-03 10:35,Printer,Medium,Printer is printing blank pages,7.5,2.5
2722,2025-07-03 08:32,Printer,Low,Printer on 3rd floor is offline,2.9,4.9
2723,2025-07-03 17:49,Hardware,Low,Docking station won't detect external monitor,37.9,3.5
2724,2025-07-03 17:25,Software,Low,Need Adobe Acrobat installed for contract review,9.9,4.7
2725,2025-07-03 18:48,Network_VPN,High,Wi-Fi drops constantly in the east building,1.4,4.3
2726,2025-07-03 09:06,Printer,Low,Printer on 3rd floor is offline,7.1,2.9
2727,2025-07-03 12:27,Printer,Low,Can't add the new printer to my laptop,5.9,2.5
2728,2025-07-03 17:36,Hardware,Medium,Laptop won't power on at all,46.2,2.1
2729,2025-07-03 11:30,Hardware,Medium,Screen cracked after laptop bag fell,35.0,4.1
2730,2025-07-03 18:25,Account_Access,Medium,New hire needs accounts provisioned before start date,3.6,3.5
2731,2025-07-03 10:28,Security,High,Received a suspicious email asking for my password,2.1,3.5
2732,2025-07-03 17:05,Account_Access,Low,New hire needs accounts provisioned before start date,3.3,2.2
2733,2025-07-03 08:09,Network_VPN,Medium,"Cannot connect to VPN, authentication failed error",11.6,2.9
2734,2025-07-03 07:49,Hardware,High,Docking station won't detect external monitor,32.5,4.6
2735,2025-07-04 18:36,Account_Access,High,Forgot my password and self-service reset isn't working,2.8,3.6
2736,2025-07-04 14:34,Software,Low,Need Adobe Acrobat installed for contract review,11.3,4.3
2737,2025-07-04 18:46,Hardware,Medium,Battery drains fully within an hour,58.1,2.8
2738,2025-07-04 07:10,Network_VPN,Medium,VPN keeps disconnecting every few minutes,4.9,3.7
2739,2025-07-04 07:56,Hardware,Medium,Laptop won't power on at all,45.2,3.5
2740,2025-07-04 15:26,Hardware,High,Battery drains fully within an hour,21.8,3.7
2741,2025-07-04 17:17,Hardware,Medium,Screen cracked after laptop bag fell,71.8,3.1
2742,2025-07-04 11:33,Hardware,Critical,Laptop fan is extremely loud and it's overheating,13.6,3.7
2743,2025-07-04 14:29,Software,Critical,Software freezes whenever I try to export a file,3.1,4.4
2744,2025-07-04 09:10,Account_Access,High,Forgot my password and self-service reset isn't working,2.5,4.8
2745,2025-07-04 08:00,Hardware,Low,Docking station won't detect external monitor,44.2,2.2
2746,2025-07-04 08:03,Account_Access,Low,Need access to the shared finance drive for a project,2.5,4.2
2747,2025-07-04 10:22,Software,Low,Software freezes whenever I try to export a file,13.5,2.8
2748,2025-07-04 16:46,Software,Low,Application keeps crashing on launch,21.1,3.3
2749,2025-07-04 17:42,Account_Access,High,New hire needs accounts provisioned before start date,3.1,4.3
2750,2025-07-04 11:36,Account_Access,Low,New hire needs accounts provisioned before start date,5.0,2.4
2751,2025-07-04 16:38,Network_VPN,Medium,VPN client won't launch after latest update,10.2,2.5
2752,2025-07-04 10:13,Account_Access,Medium,New hire needs accounts provisioned before start date,4.0,2.3
2753,2025-07-04 12:04,Network_VPN,Low,VPN client won't launch after latest update,5.6,4.8
2754,2025-07-04 14:20,Email,Low,"Mailbox full, can't send or receive email",8.8,2.6
2755,2025-07-04 18:30,Account_Access,Medium,Locked out of my account after password expired,3.7,3.2
2756,2025-07-04 10:10,Account_Access,Medium,New hire needs accounts provisioned before start date,2.5,4.4
2757,2025-07-04 14:44,Security,Critical,Antivirus is flagging a file I downloaded,1.7,4.3
2758,2025-07-05 12:54,Software,High,Software freezes whenever I try to export a file,8.5,3.8
2759,2025-07-05 10:24,Hardware,High,Screen cracked after laptop bag fell,11.3,4.3
2760,2025-07-06 16:19,Network_VPN,Medium,VPN keeps disconnecting every few minutes,7.1,2.3
2761,2025-07-06 11:02,Account_Access,High,Forgot my password and self-service reset isn't working,1.9,3.5
2762,2025-07-07 11:40,Account_Access,Medium,Requesting elevated access to the deployment pipeline,6.0,3.1
2763,2025-07-07 16:40,Network_VPN,High,VPN client won't launch after latest update,5.7,4.9
2764,2025-07-07 08:02,Hardware,High,Battery drains fully within an hour,33.7,4.6
2765,2025-07-07 09:05,Account_Access,High,New hire needs accounts provisioned before start date,0.9,4.6
2766,2025-07-07 08:54,Hardware,Low,Laptop won't power on at all,54.7,2.1
2767,2025-07-07 17:54,Hardware,High,Battery drains fully within an hour,29.1,4.0
2768,2025-07-07 15:00,Email,High,Emails to external clients are bouncing back,3.6,4.9
2769,2025-07-07 10:52,Security,High,My laptop is acting strange after opening an attachment,2.3,3.6
2770,2025-07-07 11:38,Printer,Medium,Print jobs stuck in queue and won't clear,3.2,4.2
2771,2025-07-07 07:19,Network_VPN,Medium,VPN client won't launch after latest update,9.2,3.3
2772,2025-07-07 08:36,Account_Access,Low,Forgot my password and self-service reset isn't working,3.9,3.3
2773,2025-07-07 09:20,Security,Medium,Received a suspicious email asking for my password,2.5,4.6
2774,2025-07-07 12:29,Software,High,Need Adobe Acrobat installed for contract review,10.1,3.8
2775,2025-07-07 10:47,Network_VPN,Medium,"Cannot connect to VPN, authentication failed error",9.5,3.4
2776,2025-07-07 11:08,Printer,Low,Print jobs stuck in queue and won't clear,4.7,2.4
2777,2025-07-07 09:18,Software,Low,Requesting install of project management tool,10.9,4.8
2778,2025-07-07 12:49,Account_Access,Medium,Requesting elevated access to the deployment pipeline,4.0,2.9
2779,2025-07-07 16:24,Software,High,Requesting install of project management tool,8.9,3.8
2780,2025-07-07 17:50,Network_VPN,Medium,VPN client won't launch after latest update,9.7,2.5
2781,2025-07-07 11:05,Account_Access,Medium,Forgot my password and self-service reset isn't working,4.1,3.2
2782,2025-07-07 08:33,Hardware,Medium,Battery drains fully within an hour,46.7,2.0
2783,2025-07-07 16:24,Software,Medium,Application keeps crashing on launch,15.4,2.5
2784,2025-07-07 07:10,Software,Medium,Need Adobe Acrobat installed for contract review,9.6,4.0
2785,2025-07-07 12:19,Hardware,Medium,Screen cracked after laptop bag fell,67.4,2.3
2786,2025-07-07 14:37,Network_VPN,Medium,VPN client won't launch after latest update,4.5,4.7
2787,2025-07-07 18:23,Software,Medium,Requesting install of project management tool,15.5,2.4
2788,2025-07-07 10:48,Software,Medium,Requesting install of project management tool,12.7,3.5
2789,2025-07-07 13:37,Security,High,Received a suspicious email asking for my password,2.6,4.9
2790,2025-07-07 18:33,Network_VPN,Medium,VPN client won't launch after latest update,6.6,2.9
2791,2025-07-07 07:05,Network_VPN,High,VPN client won't launch after latest update,1.7,4.0
2792,2025-07-07 07:42,Account_Access,High,Need access to the shared finance drive for a project,1.8,3.7
2793,2025-07-07 10:27,Network_VPN,Medium,"Cannot connect to VPN, authentication failed error",4.9,3.9
2794,2025-07-07 07:30,Network_VPN,Medium,"Cannot connect to VPN, authentication failed error",8.6,3.2
2795,2025-07-07 14:42,Network_VPN,Medium,VPN keeps disconnecting every few minutes,9.6,3.0
2796,2025-07-07 09:20,Account_Access,High,Requesting elevated access to the deployment pipeline,2.6,3.6
2797,2025-07-07 17:46,Printer,Low,Print jobs stuck in queue and won't clear,4.5,2.4
2798,2025-07-08 16:01,Software,Low,Software freezes whenever I try to export a file,15.8,3.1
2799,2025-07-08 15:52,Account_Access,Low,New hire needs accounts provisioned before start date,3.1,4.0
2800,2025-07-08 09:31,Network_VPN,High,VPN client won't launch after latest update,6.0,4.5
2801,2025-07-08 09:27,Network_VPN,Medium,"Cannot connect to VPN, authentication failed error",5.0,4.1
2802,2025-07-08 13:11,Network_VPN,Medium,Wi-Fi drops constantly in the east building,10.6,2.1
2803,2025-07-08 17:46,Network_VPN,High,VPN client won't launch after latest update,3.6,3.6
2804,2025-07-08 16:32,Network_VPN,High,Very slow network speeds on corporate Wi-Fi,1.1,4.0
2805,2025-07-08 13:49,Hardware,Low,Docking station won't detect external monitor,55.5,3.0
2806,2025-07-08 14:32,Network_VPN,Medium,Very slow network speeds on corporate Wi-Fi,9.2,2.9
2807,2025-07-08 08:50,Account_Access,High,Requesting elevated access to the deployment pipeline,2.8,5.0
2808,2025-07-08 09:00,Network_VPN,Medium,Very slow network speeds on corporate Wi-Fi,7.3,3.0
2809,2025-07-08 14:27,Account_Access,Medium,New hire needs accounts provisioned before start date,4.1,2.9
2810,2025-07-08 07:56,Network_VPN,Low,Wi-Fi drops constantly in the east building,11.0,2.7
2811,2025-07-08 07:34,Software,Low,License activation error on design software,13.3,2.4
2812,2025-07-08 17:02,Account_Access,Medium,Forgot my password and self-service reset isn't working,2.2,4.0
2813,2025-07-08 09:05,Software,Medium,License activation error on design software,16.5,2.6
2814,2025-07-08 11:22,Hardware,High,Battery drains fully within an hour,25.5,4.1
2815,2025-07-08 15:36,Security,Critical,Think I clicked a phishing link by accident,1.7,4.9
2816,2025-07-08 18:40,Hardware,Medium,Laptop won't power on at all,26.2,4.4
2817,2025-07-08 17:47,Email,Medium,"Mailbox full, can't send or receive email",9.9,2.1
2818,2025-07-08 17:47,Account_Access,Low,Requesting elevated access to the deployment pipeline,5.8,2.4
2819,2025-07-09 11:39,Email,Critical,Not receiving any emails since this morning,2.8,4.4
2820,2025-07-09 10:48,Hardware,High,Battery drains fully within an hour,5.7,4.4
2821,2025-07-09 17:02,Security,Critical,Antivirus is flagging a file I downloaded,1.6,3.9
2822,2025-07-09 07:50,Software,Medium,Application keeps crashing on launch,12.3,4.1
2823,2025-07-09 17:20,Hardware,Medium,Battery drains fully within an hour,46.4,3.2
2824,2025-07-09 11:46,Network_VPN,Low,"Cannot connect to VPN, authentication failed error",6.8,2.1
2825,2025-07-09 13:30,Printer,Medium,Can't add the new printer to my laptop,6.1,2.5
2826,2025-07-09 09:29,Security,High,Received a suspicious email asking for my password,1.4,4.7
2827,2025-07-09 11:25,Email,Medium,Not receiving any emails since this morning,8.1,3.0
2828,2025-07-09 12:05,Network_VPN,Critical,VPN client won't launch after latest update,2.7,4.3
2829,2025-07-10 14:01,Printer,Low,Printer is printing blank pages,6.7,2.7
2830,2025-07-10 07:48,Network_VPN,Medium,VPN client won't launch after latest update,7.0,2.6
2831,2025-07-10 13:38,Security,Critical,My laptop is acting strange after opening an attachment,1.0,4.3
2832,2025-07-10 16:18,Security,Medium,Received a suspicious email asking for my password,3.0,5.0
2833,2025-07-10 15:26,Network_VPN,High,"Cannot connect to VPN, authentication failed error",6.4,5.0
2834,2025-07-10 12:40,Account_Access,Medium,Need access to the shared finance drive for a project,4.5,2.5
2835,2025-07-10 13:31,Network_VPN,Medium,Wi-Fi drops constantly in the east building,8.4,2.3
2836,2025-07-10 09:25,Printer,Medium,Printer is printing blank pages,5.1,3.4
2837,2025-07-10 17:58,Account_Access,High,New hire needs accounts provisioned before start date,2.6,4.5
2838,2025-07-10 17:01,Network_VPN,High,VPN client won't launch after latest update,6.4,4.1
2839,2025-07-10 16:46,Software,Medium,Application keeps crashing on launch,16.0,2.1
2840,2025-07-10 14:43,Hardware,Medium,Laptop won't power on at all,36.3,4.4
2841,2025-07-10 13:35,Network_VPN,Low,Wi-Fi drops constantly in the east building,8.9,3.2
2842,2025-07-10 10:11,Hardware,Critical,Battery drains fully within an hour,6.7,4.1
2843,2025-07-11 10:36,Security,High,Think I clicked a phishing link by accident,1.3,4.8
2844,2025-07-11 09:29,Hardware,High,Battery drains fully within an hour,19.1,3.9
2845,2025-07-11 09:15,Hardware,High,Laptop won't power on at all,32.5,4.8
2846,2025-07-11 15:30,Hardware,Low,Laptop won't power on at all,25.9,4.5
2847,2025-07-11 15:07,Email,High,"Mailbox full, can't send or receive email",5.3,4.8
2848,2025-07-11 13:53,Printer,Low,Printer on 3rd floor is offline,7.1,2.1
2849,2025-07-11 17:28,Email,Medium,"Mailbox full, can't send or receive email",8.2,2.8
2850,2025-07-11 16:48,Hardware,Medium,Laptop won't power on at all,64.7,3.1
2851,2025-07-11 10:50,Printer,Low,Print jobs stuck in queue and won't clear,6.2,2.2
2852,2025-07-11 18:31,Hardware,Low,Screen cracked after laptop bag fell,55.0,2.1
2853,2025-07-11 14:44,Printer,Low,Printer is printing blank pages,6.4,2.5
2854,2025-07-11 11:01,Account_Access,Medium,Forgot my password and self-service reset isn't working,5.1,2.2
2855,2025-07-11 18:10,Account_Access,Medium,Forgot my password and self-service reset isn't working,4.9,2.5
2856,2025-07-11 18:51,Software,Medium,License activation error on design software,15.0,2.4
2857,2025-07-11 10:01,Software,Medium,Application keeps crashing on launch,21.7,2.4
2858,2025-07-11 15:47,Email,Low,Outlook stuck in offline mode,3.8,4.0
2859,2025-07-11 17:09,Email,Medium,Not receiving any emails since this morning,9.4,3.5
2860,2025-07-11 14:41,Software,Medium,Software freezes whenever I try to export a file,13.9,3.3
2861,2025-07-11 17:04,Network_VPN,Medium,VPN client won't launch after latest update,8.0,2.6
2862,2025-07-11 18:50,Account_Access,Medium,Forgot my password and self-service reset isn't working,2.7,4.4
2863,2025-07-11 07:53,Network_VPN,Medium,"Cannot connect to VPN, authentication failed error",7.8,3.4
2864,2025-07-11 17:06,Printer,Medium,Print jobs stuck in queue and won't clear,4.7,2.0
2865,2025-07-11 15:55,Security,High,Received a suspicious email asking for my password,3.1,4.8
2866,2025-07-14 17:54,Software,Low,Application keeps crashing on launch,20.7,2.3
2867,2025-07-14 11:05,Account_Access,Low,Requesting elevated access to the deployment pipeline,5.9,2.4
2868,2025-07-14 10:14,Printer,High,Printer on 3rd floor is offline,1.0,4.0
2869,2025-07-14 07:20,Account_Access,Medium,New hire needs accounts provisioned before start date,2.5,4.8
2870,2025-07-14 10:06,Printer,Low,Printer on 3rd floor is offline,3.4,3.6
2871,2025-07-14 13:55,Hardware,High,Battery drains fully within an hour,14.2,3.5
2872,2025-07-14 16:48,Email,High,Not receiving any emails since this morning,1.9,4.7
2873,2025-07-14 17:11,Hardware,Medium,Laptop won't power on at all,43.8,2.4
2874,2025-07-14 15:15,Account_Access,Medium,Requesting elevated access to the deployment pipeline,5.8,2.4
2875,2025-07-14 09:31,Account_Access,Medium,New hire needs accounts provisioned before start date,4.6,2.2
2876,2025-07-14 13:43,Network_VPN,Medium,VPN client won't launch after latest update,5.6,3.6
2877,2025-07-14 10:49,Account_Access,Medium,Requesting elevated access to the deployment pipeline,4.8,3.2
2878,2025-07-14 15:30,Network_VPN,Medium,"Cannot connect to VPN, authentication failed error",8.2,2.5
2879,2025-07-14 12:10,Network_VPN,Critical,Wi-Fi drops constantly in the east building,1.6,4.5
2880,2025-07-14 09:20,Network_VPN,High,Very slow network speeds on corporate Wi-Fi,5.7,4.4
2881,2025-07-14 11:14,Security,High,My laptop is acting strange after opening an attachment,2.7,4.7
2882,2025-07-14 11:21,Security,Critical,My laptop is acting strange after opening an attachment,1.6,4.1
2883,2025-07-14 13:00,Printer,Low,Printer is printing blank pages,5.0,2.6
2884,2025-07-14 09:29,Printer,Low,Can't add the new printer to my laptop,4.9,3.0
2885,2025-07-14 11:18,Printer,Medium,Printer on 3rd floor is offline,3.8,4.5
2886,2025-07-14 15:47,Email,Medium,"Mailbox full, can't send or receive email",8.7,2.5
2887,2025-07-14 08:15,Network_VPN,High,"Cannot connect to VPN, authentication failed error",3.4,3.9
2888,2025-07-14 07:49,Network_VPN,Critical,Very slow network speeds on corporate Wi-Fi,2.6,4.9
2889,2025-07-14 07:06,Software,Low,Requesting install of project management tool,23.8,2.9
2890,2025-07-14 08:30,Network_VPN,Medium,Wi-Fi drops constantly in the east building,7.1,3.4
2891,2025-07-14 09:55,Network_VPN,Medium,VPN keeps disconnecting every few minutes,10.3,2.6
2892,2025-07-14 12:36,Network_VPN,Medium,Wi-Fi drops constantly in the east building,8.6,2.7
2893,2025-07-14 09:49,Hardware,High,Screen cracked after laptop bag fell,31.8,4.5
2894,2025-07-15 18:56,Email,Critical,Outlook stuck in offline mode,1.8,4.7
2895,2025-07-15 17:45,Account_Access,Medium,Forgot my password and self-service reset isn't working,3.9,2.5
2896,2025-07-15 13:27,Account_Access,High,New hire needs accounts provisioned before start date,0.6,3.7
2897,2025-07-15 15:23,Hardware,High,Docking station won't detect external monitor,32.3,3.6
2898,2025-07-15 12:50,Network_VPN,Critical,Very slow network speeds on corporate Wi-Fi,3.6,4.8
2899,2025-07-15 16:05,Hardware,High,Screen cracked after laptop bag fell,25.6,4.6
2900,2025-07-15 08:36,Security,High,Received a suspicious email asking for my password,2.7,4.8
2901,2025-07-15 11:29,Security,Critical,Think I clicked a phishing link by accident,1.6,4.1
2902,2025-07-15 12:29,Hardware,High,Battery drains fully within an hour,6.5,4.5
2903,2025-07-15 16:53,Hardware,Critical,Docking station won't detect external monitor,10.8,3.9
2904,2025-07-16 16:43,Network_VPN,Medium,"Cannot connect to VPN, authentication failed error",5.5,4.8
2905,2025-07-16 12:57,Printer,Medium,Can't add the new printer to my laptop,3.8,4.7
2906,2025-07-16 08:01,Email,Medium,Emails to external clients are bouncing back,4.6,4.0
2907,2025-07-16 12:55,Hardware,High,Laptop won't power on at all,22.4,4.9
2908,2025-07-16 11:14,Account_Access,Medium,Need access to the shared finance drive for a project,2.9,3.7
2909,2025-07-16 14:07,Security,Critical,Think I clicked a phishing link by accident,0.5,4.8
2910,2025-07-16 10:24,Email,Low,Not receiving any emails since this morning,9.2,3.3
2911,2025-07-16 08:05,Network_VPN,Medium,Very slow network speeds on corporate Wi-Fi,5.9,4.1
2912,2025-07-16 18:38,Security,Medium,Received a suspicious email asking for my password,3.0,4.9
2913,2025-07-16 15:23,Account_Access,Medium,Forgot my password and self-service reset isn't working,3.0,3.6
2914,2025-07-16 13:25,Hardware,Medium,Laptop fan is extremely loud and it's overheating,46.2,2.0
2915,2025-07-16 13:54,Security,High,Received a suspicious email asking for my password,3.1,4.8
2916,2025-07-16 13:56,Software,Critical,Application keeps crashing on launch,1.5,4.5
2917,2025-07-16 10:11,Hardware,High,Screen cracked after laptop bag fell,34.5,3.6
2918,2025-07-16 07:03,Software,Medium,Application keeps crashing on launch,10.2,4.2
2919,2025-07-16 13:52,Software,High,Application keeps crashing on launch,8.6,4.1
2920,2025-07-16 17:11,Network_VPN,Medium,"Cannot connect to VPN, authentication failed error",8.3,2.2
2921,2025-07-16 13:40,Account_Access,High,Locked out of my account after password expired,0.6,3.8
2922,2025-07-16 07:56,Account_Access,Medium,Forgot my password and self-service reset isn't working,2.3,3.5
2923,2025-07-16 16:46,Hardware,Critical,Battery drains fully within an hour,4.8,4.1
2924,2025-07-17 08:07,Network_VPN,Low,VPN keeps disconnecting every few minutes,11.2,2.1
2925,2025-07-17 09:54,Security,Critical,My laptop is acting strange after opening an attachment,1.7,4.3
2926,2025-07-17 09:20,Software,Medium,Need Adobe Acrobat installed for contract review,15.5,3.4
2927,2025-07-17 14:47,Software,Critical,License activation error on design software,4.8,3.6
2928,2025-07-17 09:14,Email,Low,Emails to external clients are bouncing back,6.9,3.2
2929,2025-07-17 10:14,Software,Medium,Need Adobe Acrobat installed for contract review,12.4,4.4
2930,2025-07-17 15:33,Account_Access,Medium,Forgot my password and self-service reset isn't working,5.9,3.0
2931,2025-07-17 17:09,Software,High,License activation error on design software,2.5,4.1
2932,2025-07-17 10:11,Software,Medium,Need Adobe Acrobat installed for contract review,20.8,2.9
2933,2025-07-17 07:36,Network_VPN,High,VPN keeps disconnecting every few minutes,2.3,4.1
2934,2025-07-17 13:28,Hardware,Medium,Screen cracked after laptop bag fell,65.8,3.5
2935,2025-07-17 11:41,Security,High,My laptop is acting strange after opening an attachment,2.0,3.7
2936,2025-07-17 14:49,Printer,Low,Printer is printing blank pages,7.4,2.4
2937,2025-07-17 08:50,Hardware,High,Laptop won't power on at all,15.6,4.3
2938,2025-07-17 14:53,Account_Access,Critical,Locked out of my account after password expired,0.7,3.8
2939,2025-07-17 14:27,Network_VPN,High,VPN client won't launch after latest update,1.7,4.0
2940,2025-07-17 15:12,Software,Critical,Need Adobe Acrobat installed for contract review,6.6,3.8
2941,2025-07-17 15:38,Network_VPN,High,"Cannot connect to VPN, authentication failed error",2.1,4.6
2942,2025-07-17 15:10,Printer,Medium,Printer on 3rd floor is offline,4.7,2.3
2943,2025-07-17 10:53,Account_Access,Medium,Locked out of my account after password expired,4.6,3.3
2944,2025-07-17 10:17,Security,High,Think I clicked a phishing link by accident,3.1,4.1
2945,2025-07-17 14:29,Network_VPN,Medium,Very slow network speeds on corporate Wi-Fi,11.2,3.5
2946,2025-07-17 11:13,Account_Access,Low,Forgot my password and self-service reset isn't working,3.1,4.3
2947,2025-07-17 09:48,Security,Medium,Received a suspicious email asking for my password,3.7,2.2
2948,2025-07-18 12:04,Hardware,High,Battery drains fully within an hour,17.3,3.8
2949,2025-07-18 16:43,Account_Access,Low,Forgot my password and self-service reset isn't working,3.7,3.1
2950,2025-07-18 17:07,Network_VPN,Low,Very slow network speeds on corporate Wi-Fi,6.4,4.0
2951,2025-07-18 17:28,Hardware,Medium,Laptop fan is extremely loud and it's overheating,54.3,2.7
2952,2025-07-18 18:21,Account_Access,Medium,Locked out of my account after password expired,4.5,2.2
2953,2025-07-18 14:27,Email,Medium,"Mailbox full, can't send or receive email",9.3,2.2
2954,2025-07-18 18:38,Software,High,Requesting install of project management tool,3.6,3.7
2955,2025-07-18 18:27,Security,Medium,Antivirus is flagging a file I downloaded,5.4,2.7
2956,2025-07-18 11:57,Hardware,Critical,Laptop won't power on at all,8.8,4.6
2957,2025-07-18 12:05,Account_Access,Medium,New hire needs accounts provisioned before start date,4.7,2.4
2958,2025-07-18 17:17,Network_VPN,Medium,Very slow network speeds on corporate Wi-Fi,8.1,2.9
2959,2025-07-18 15:55,Network_VPN,Medium,Very slow network speeds on corporate Wi-Fi,10.7,2.6
2960,2025-07-18 17:06,Security,Low,My laptop is acting strange after opening an attachment,2.6,4.8
2961,2025-07-18 18:57,Software,Critical,Need Adobe Acrobat installed for contract review,2.4,4.4
2962,2025-07-18 14:54,Software,Medium,Requesting install of project management tool,8.5,4.5
2963,2025-07-19 18:49,Software,Low,Software freezes whenever I try to export a file,14.3,3.2
2964,2025-07-19 12:06,Hardware,Medium,Laptop won't power on at all,33.0,4.4
2965,2025-07-19 11:22,Account_Access,High,Requesting elevated access to the deployment pipeline,2.5,4.8
2966,2025-07-20 18:40,Account_Access,Medium,Need access to the shared finance drive for a project,5.2,2.5
2967,2025-07-20 12:47,Account_Access,Medium,Need access to the shared finance drive for a project,5.1,2.8
2968,2025-07-21 16:34,Printer,Medium,Print jobs stuck in queue and won't clear,7.2,2.5
2969,2025-07-21 08:40,Printer,Low,Print jobs stuck in queue and won't clear,4.4,3.4
2970,2025-07-21 11:54,Hardware,High,Laptop fan is extremely loud and it's overheating,10.3,4.1
2971,2025-07-21 09:10,Software,Medium,License activation error on design software,14.9,2.5
2972,2025-07-21 17:35,Account_Access,Low,Locked out of my account after password expired,3.3,2.8
2973,2025-07-21 10:05,Account_Access,Medium,New hire needs accounts provisioned before start date,3.7,3.0
2974,2025-07-21 09:45,Network_VPN,Critical,VPN client won't launch after latest update,2.8,4.8
2975,2025-07-21 18:52,Account_Access,Medium,Forgot my password and self-service reset isn't working,5.7,2.2
2976,2025-07-21 10:28,Email,High,Outlook stuck in offline mode,5.4,4.0
2977,2025-07-21 14:14,Email,Medium,Emails to external clients are bouncing back,7.9,2.4
2978,2025-07-21 10:09,Email,Medium,Emails to external clients are bouncing back,5.1,4.5
2979,2025-07-21 14:26,Network_VPN,Critical,"Cannot connect to VPN, authentication failed error",3.4,4.2
2980,2025-07-21 13:40,Software,Low,Software freezes whenever I try to export a file,10.9,4.3
2981,2025-07-21 11:27,Software,Medium,Requesting install of project management tool,19.3,3.5
2982,2025-07-21 09:20,Account_Access,Medium,Need access to the shared finance drive for a project,3.5,3.4
2983,2025-07-21 15:45,Email,High,Emails to external clients are bouncing back,3.6,3.6
2984,2025-07-21 12:45,Hardware,Medium,Screen cracked after laptop bag fell,63.7,2.3
2985,2025-07-21 07:29,Software,High,Software freezes whenever I try to export a file,3.6,3.9
2986,2025-07-21 07:35,Software,Medium,Requesting install of project management tool,8.9,5.0
2987,2025-07-21 08:43,Hardware,Critical,Laptop won't power on at all,12.1,4.6
2988,2025-07-21 18:38,Account_Access,Medium,Forgot my password and self-service reset isn't working,5.8,3.1
2989,2025-07-21 15:44,Hardware,Critical,Battery drains fully within an hour,7.7,4.2
2990,2025-07-21 13:09,Software,Low,License activation error on design software,20.8,2.8
2991,2025-07-21 12:37,Printer,High,Printer is printing blank pages,4.1,3.6
2992,2025-07-21 18:12,Network_VPN,High,VPN keeps disconnecting every few minutes,3.9,4.6
2993,2025-07-21 07:41,Account_Access,High,New hire needs accounts provisioned before start date,3.2,4.8
2994,2025-07-22 17:24,Printer,Low,Printer is printing blank pages,7.7,2.9
2995,2025-07-22 08:19,Printer,Medium,Can't add the new printer to my laptop,3.5,4.0
2996,2025-07-22 13:12,Account_Access,High,Requesting elevated access to the deployment pipeline,1.9,3.8
2997,2025-07-22 07:56,Account_Access,Medium,Locked out of my account after password expired,5.0,2.8
2998,2025-07-22 15:00,Software,Low,Software freezes whenever I try to export a file,13.9,2.3
2999,2025-07-22 12:54,Network_VPN,Medium,Very slow network speeds on corporate Wi-Fi,10.5,2.9
3000,2025-07-22 10:22,Network_VPN,Medium,"Cannot connect to VPN, authentication failed error",9.1,2.3
3001,2025-07-22 18:54,Network_VPN,Medium,"Cannot connect to VPN, authentication failed error",8.7,3.3
3002,2025-07-22 16:02,Email,Medium,Emails to external clients are bouncing back,8.8,2.7
3003,2025-07-22 12:43,Security,Critical,Received a suspicious email asking for my password,0.9,3.9
3004,2025-07-22 09:39,Network_VPN,Medium,VPN client won't launch after latest update,5.1,3.8
3005,2025-07-22 14:07,Email,Critical,Not receiving any emails since this morning,2.2,4.1
3006,2025-07-22 14:12,Software,Medium,Need Adobe Acrobat installed for contract review,13.8,2.4
3007,2025-07-22 17:45,Printer,Low,Printer on 3rd floor is offline,7.6,3.4
3008,2025-07-22 15:36,Printer,Medium,Printer on 3rd floor is offline,3.2,4.5
3009,2025-07-22 11:20,Software,Medium,Software freezes whenever I try to export a file,20.1,3.0
3010,2025-07-22 13:05,Network_VPN,Medium,"Cannot connect to VPN, authentication failed error",9.1,2.6
3011,2025-07-22 11:31,Hardware,Medium,Docking station won't detect external monitor,51.1,2.9
3012,2025-07-22 07:12,Security,Critical,Antivirus is flagging a file I downloaded,1.5,4.3
3013,2025-07-22 09:41,Security,Critical,Antivirus is flagging a file I downloaded,1.5,4.4
3014,2025-07-22 10:22,Account_Access,Medium,Locked out of my account after password expired,2.3,4.0
3015,2025-07-22 15:33,Security,Critical,Received a suspicious email asking for my password,1.4,4.2
3016,2025-07-22 14:11,Email,High,Outlook stuck in offline mode,1.2,3.8
3017,2025-07-23 16:00,Printer,Medium,Printer on 3rd floor is offline,5.4,2.9
3018,2025-07-23 07:57,Network_VPN,Medium,Very slow network speeds on corporate Wi-Fi,9.6,3.4
3019,2025-07-23 12:58,Account_Access,Critical,Forgot my password and self-service reset isn't working,1.9,4.7
3020,2025-07-23 11:56,Email,Medium,"Mailbox full, can't send or receive email",7.5,2.9
3021,2025-07-23 11:26,Security,Medium,Antivirus is flagging a file I downloaded,5.5,3.1
3022,2025-07-23 10:52,Software,High,Requesting install of project management tool,5.3,4.8
3023,2025-07-23 18:49,Printer,Medium,Printer is printing blank pages,6.0,2.6
3024,2025-07-23 14:04,Hardware,Low,Battery drains fully within an hour,29.8,3.7
3025,2025-07-23 18:59,Network_VPN,Medium,Wi-Fi drops constantly in the east building,10.0,3.4
3026,2025-07-23 08:48,Software,Medium,License activation error on design software,12.5,4.4
3027,2025-07-23 09:33,Network_VPN,Critical,"Cannot connect to VPN, authentication failed error",2.5,4.2
3028,2025-07-23 13:11,Security,High,My laptop is acting strange after opening an attachment,0.8,3.6
3029,2025-07-23 09:28,Network_VPN,Medium,VPN keeps disconnecting every few minutes,9.0,2.7
3030,2025-07-23 10:46,Software,Medium,Need Adobe Acrobat installed for contract review,16.0,3.5
3031,2025-07-23 11:58,Account_Access,Low,New hire needs accounts provisioned before start date,2.7,4.8
3032,2025-07-24 11:32,Account_Access,High,Need access to the shared finance drive for a project,0.7,4.1
3033,2025-07-24 07:55,Network_VPN,High,"Cannot connect to VPN, authentication failed error",2.8,4.6
3034,2025-07-24 15:20,Hardware,High,Battery drains fully within an hour,13.8,3.7
3035,2025-07-24 09:46,Network_VPN,Medium,VPN keeps disconnecting every few minutes,8.4,2.9
3036,2025-07-24 07:24,Security,Low,Antivirus is flagging a file I downloaded,5.6,3.0
3037,2025-07-24 10:48,Network_VPN,High,VPN keeps disconnecting every few minutes,5.2,3.7
3038,2025-07-24 14:59,Software,Medium,Software freezes whenever I try to export a file,8.2,4.7
3039,2025-07-24 18:15,Software,Low,Requesting install of project management tool,17.8,2.7
3040,2025-07-24 14:58,Software,Low,Software freezes whenever I try to export a file,23.7,3.0
3041,2025-07-24 17:46,Email,Medium,Not receiving any emails since this morning,6.0,2.2
3042,2025-07-24 07:27,Network_VPN,Critical,Very slow network speeds on corporate Wi-Fi,3.4,4.1
3043,2025-07-24 10:25,Printer,Low,Print jobs stuck in queue and won't clear,4.9,3.3
3044,2025-07-24 14:46,Network_VPN,Medium,Wi-Fi drops constantly in the east building,7.4,3.3
3045,2025-07-25 09:46,Hardware,High,Docking station won't detect external monitor,15.5,4.5
3046,2025-07-25 18:42,Hardware,Medium,Battery drains fully within an hour,33.5,3.8
3047,2025-07-25 13:23,Printer,High,Printer is printing blank pages,2.6,4.6
3048,2025-07-25 14:19,Software,Medium,Application keeps crashing on launch,15.5,2.8
3049,2025-07-25 09:42,Email,Low,Not receiving any emails since this morning,5.1,4.3
3050,2025-07-25 10:24,Hardware,Medium,Laptop fan is extremely loud and it's overheating,69.3,2.0
3051,2025-07-25 09:41,Software,Low,Application keeps crashing on launch,19.9,2.8
3052,2025-07-25 18:08,Hardware,Medium,Battery drains fully within an hour,39.5,2.4
3053,2025-07-25 18:40,Printer,Low,Can't add the new printer to my laptop,7.6,2.9
3054,2025-07-25 07:21,Email,High,"Mailbox full, can't send or receive email",1.4,3.5
3055,2025-07-25 10:19,Email,Critical,Outlook stuck in offline mode,1.8,4.6
3056,2025-07-25 14:30,Email,High,Outlook stuck in offline mode,2.4,4.9
3057,2025-07-25 09:10,Account_Access,Medium,Need access to the shared finance drive for a project,2.5,4.3
3058,2025-07-25 17:30,Hardware,Critical,Laptop fan is extremely loud and it's overheating,11.0,4.3
3059,2025-07-25 17:09,Software,Medium,License activation error on design software,22.4,3.5
3060,2025-07-25 13:30,Email,High,"Mailbox full, can't send or receive email",1.6,4.1
3061,2025-07-25 14:37,Network_VPN,Medium,VPN keeps disconnecting every few minutes,11.9,2.5
3062,2025-07-25 16:22,Software,High,Requesting install of project management tool,12.2,4.9
3063,2025-07-25 11:43,Email,High,"Mailbox full, can't send or receive email",1.3,3.7
3064,2025-07-25 10:40,Hardware,Medium,Battery drains fully within an hour,68.9,3.4
3065,2025-07-25 16:57,Account_Access,Medium,Locked out of my account after password expired,5.9,2.7
3066,2025-07-25 15:57,Software,Medium,Application keeps crashing on launch,12.0,4.3
3067,2025-07-27 14:27,Account_Access,Low,Need access to the shared finance drive for a project,3.1,4.0
3068,2025-07-27 08:21,Account_Access,High,Forgot my password and self-service reset isn't working,2.6,4.2
3069,2025-07-27 16:01,Software,High,Application keeps crashing on launch,11.7,3.5
3070,2025-07-28 18:24,Hardware,Medium,Docking station won't detect external monitor,26.1,4.5
3071,2025-07-28 12:08,Account_Access,High,New hire needs accounts provisioned before start date,2.7,4.1
3072,2025-07-28 14:58,Security,High,Antivirus is flagging a file I downloaded,1.8,3.9
3073,2025-07-28 09:51,Software,High,License activation error on design software,11.3,3.5
3074,2025-07-28 10:49,Printer,Low,Print jobs stuck in queue and won't clear,4.7,2.2
3075,2025-07-28 16:04,Network_VPN,Low,VPN keeps disconnecting every few minutes,4.4,4.7
3076,2025-07-28 16:07,Network_VPN,High,Very slow network speeds on corporate Wi-Fi,2.8,4.5
3077,2025-07-28 08:45,Network_VPN,Medium,"Cannot connect to VPN, authentication failed error",10.0,2.1
3078,2025-07-28 18:05,Security,High,Received a suspicious email asking for my password,2.4,3.8
3079,2025-07-28 14:38,Hardware,Medium,Laptop fan is extremely loud and it's overheating,63.3,3.1
3080,2025-07-28 07:28,Software,Low,Requesting install of project management tool,18.8,3.3
3081,2025-07-28 15:36,Network_VPN,Low,VPN keeps disconnecting every few minutes,11.8,2.4
3082,2025-07-28 12:48,Security,Critical,Received a suspicious email asking for my password,0.6,3.8
3083,2025-07-28 13:32,Security,High,Think I clicked a phishing link by accident,2.8,3.9
3084,2025-07-28 15:00,Software,Medium,Application keeps crashing on launch,21.2,3.1
3085,2025-07-28 14:22,Software,Low,License activation error on design software,10.5,3.6
3086,2025-07-28 18:28,Email,High,"Mailbox full, can't send or receive email",4.7,3.6
3087,2025-07-28 18:43,Network_VPN,Medium,VPN keeps disconnecting every few minutes,10.2,3.4
3088,2025-07-28 12:47,Software,Medium,Need Adobe Acrobat installed for contract review,19.6,2.5
3089,2025-07-28 18:12,Email,Medium,Outlook stuck in offline mode,8.5,2.5
3090,2025-07-28 14:20,Account_Access,Low,Need access to the shared finance drive for a project,3.5,2.7
3091,2025-07-28 09:47,Security,High,My laptop is acting strange after opening an attachment,3.0,4.2
3092,2025-07-29 17:09,Hardware,Critical,Laptop won't power on at all,17.4,4.1
3093,2025-07-29 09:37,Hardware,Medium,Laptop won't power on at all,63.3,3.4
3094,2025-07-29 12:12,Security,Medium,Think I clicked a phishing link by accident,3.7,2.2
3095,2025-07-29 11:14,Network_VPN,Medium,Very slow network speeds on corporate Wi-Fi,10.7,3.3
3096,2025-07-29 09:31,Network_VPN,High,VPN client won't launch after latest update,3.4,4.9
3097,2025-07-29 18:30,Security,High,Received a suspicious email asking for my password,0.8,4.9
3098,2025-07-29 13:31,Software,Low,Application keeps crashing on launch,23.1,3.2
3099,2025-07-29 16:27,Network_VPN,High,Wi-Fi drops constantly in the east building,2.9,4.0
3100,2025-07-29 18:55,Software,Low,Software freezes whenever I try to export a file,12.4,4.6
3101,2025-07-29 13:15,Network_VPN,Critical,VPN client won't launch after latest update,1.2,4.2
3102,2025-07-29 17:58,Account_Access,Medium,Forgot my password and self-service reset isn't working,5.7,3.4
3103,2025-07-29 12:44,Email,High,Not receiving any emails since this morning,3.5,4.4
3104,2025-07-29 10:45,Network_VPN,Critical,"Cannot connect to VPN, authentication failed error",3.1,4.4
3105,2025-07-29 07:20,Software,High,Application keeps crashing on launch,3.9,4.3
3106,2025-07-29 15:31,Hardware,Medium,Laptop won't power on at all,31.5,4.0
3107,2025-07-29 11:45,Hardware,Low,Screen cracked after laptop bag fell,42.9,2.3
3108,2025-07-29 12:52,Network_VPN,Medium,VPN keeps disconnecting every few minutes,6.0,3.5
3109,2025-07-29 12:38,Software,Low,Software freezes whenever I try to export a file,12.3,4.0
3110,2025-07-29 16:38,Email,High,Emails to external clients are bouncing back,3.9,4.9
3111,2025-07-29 11:15,Network_VPN,High,VPN keeps disconnecting every few minutes,2.1,4.7
3112,2025-07-30 07:41,Hardware,Medium,Laptop won't power on at all,34.1,3.9
3113,2025-07-30 09:28,Software,Low,Requesting install of project management tool,15.4,3.4
3114,2025-07-30 11:29,Software,Low,Software freezes whenever I try to export a file,15.1,2.5
3115,2025-07-30 07:07,Account_Access,Medium,New hire needs accounts provisioned before start date,2.8,3.7
3116,2025-07-30 18:24,Network_VPN,Medium,Wi-Fi drops constantly in the east building,7.1,2.5
3117,2025-07-30 07:41,Software,Medium,Requesting install of project management tool,14.3,2.5
3118,2025-07-30 18:45,Account_Access,High,New hire needs accounts provisioned before start date,0.6,4.3
3119,2025-07-30 15:10,Printer,Low,Can't add the new printer to my laptop,3.1,3.7
3120,2025-07-30 08:26,Security,Medium,Think I clicked a phishing link by accident,3.5,2.5
3121,2025-07-30 17:50,Account_Access,Medium,Locked out of my account after password expired,4.2,2.8
3122,2025-07-30 09:07,Hardware,High,Battery drains fully within an hour,7.0,3.8
3123,2025-07-30 07:03,Printer,Low,Printer is printing blank pages,3.0,4.5
3124,2025-07-30 09:55,Software,Medium,Application keeps crashing on launch,8.6,4.6
3125,2025-07-30 07:32,Network_VPN,Medium,Wi-Fi drops constantly in the east building,10.1,3.0
3126,2025-07-30 08:02,Printer,Low,Can't add the new printer to my laptop,6.5,2.6
3127,2025-07-30 18:05,Account_Access,Medium,Locked out of my account after password expired,4.4,2.0
3128,2025-07-30 09:34,Software,Medium,License activation error on design software,21.2,2.6
3129,2025-07-30 09:53,Network_VPN,Medium,VPN client won't launch after latest update,8.6,2.8
3130,2025-07-30 13:07,Account_Access,Medium,New hire needs accounts provisioned before start date,2.9,4.8
3131,2025-07-30 15:49,Software,Low,Requesting install of project management tool,17.6,3.0
3132,2025-07-31 10:12,Account_Access,Low,Locked out of my account after password expired,5.2,3.1
3133,2025-07-31 11:23,Printer,Medium,Printer is printing blank pages,6.3,3.3
3134,2025-07-31 15:01,Hardware,High,Battery drains fully within an hour,34.1,3.9
3135,2025-07-31 18:24,Account_Access,High,Need access to the shared finance drive for a project,2.9,3.8
3136,2025-07-31 14:30,Printer,Critical,Can't add the new printer to my laptop,1.6,3.7
3137,2025-07-31 08:39,Software,High,License activation error on design software,8.7,4.9
3138,2025-07-31 11:59,Network_VPN,High,VPN keeps disconnecting every few minutes,4.4,4.8
3139,2025-07-31 07:23,Network_VPN,Medium,Very slow network speeds on corporate Wi-Fi,8.7,2.2
3140,2025-07-31 11:26,Account_Access,Critical,Need access to the shared finance drive for a project,1.5,4.1
3141,2025-07-31 11:29,Software,High,License activation error on design software,11.3,4.0
3142,2025-07-31 07:56,Security,Medium,Think I clicked a phishing link by accident,4.6,3.4
3143,2025-07-31 14:55,Security,Medium,My laptop is acting strange after opening an attachment,2.6,4.6
3144,2025-07-31 18:44,Email,Medium,Outlook stuck in offline mode,8.1,2.7
3145,2025-07-31 13:53,Network_VPN,Medium,VPN keeps disconnecting every few minutes,7.2,2.1
3146,2025-07-31 08:49,Hardware,Critical,Battery drains fully within an hour,13.8,3.6
3147,2025-07-31 17:17,Email,High,Outlook stuck in offline mode,1.9,3.9
3148,2025-07-31 17:02,Security,Medium,Think I clicked a phishing link by accident,3.9,2.0
3149,2025-07-31 18:54,Email,Medium,Not receiving any emails since this morning,8.1,3.2
3150,2025-07-31 14:34,Printer,Low,Printer is printing blank pages,5.9,2.7
3151,2025-07-31 17:22,Network_VPN,High,Wi-Fi drops constantly in the east building,4.0,4.0
3152,2025-08-01 09:52,Network_VPN,Medium,Very slow network speeds on corporate Wi-Fi,11.9,3.2
3153,2025-08-01 08:38,Software,Medium,Requesting install of project management tool,14.5,3.4
3154,2025-08-01 15:55,Account_Access,Medium,Need access to the shared finance drive for a project,3.5,2.7
3155,2025-08-01 09:38,Software,Medium,Need Adobe Acrobat installed for contract review,22.7,3.5
3156,2025-08-01 10:52,Account_Access,High,Need access to the shared finance drive for a project,2.1,5.0
3157,2025-08-01 15:02,Software,High,Need Adobe Acrobat installed for contract review,11.1,5.0
3158,2025-08-01 09:47,Hardware,Low,Laptop fan is extremely loud and it's overheating,68.9,3.0
3159,2025-08-01 12:35,Account_Access,Medium,Forgot my password and self-service reset isn't working,3.4,3.3
3160,2025-08-01 08:14,Security,Medium,My laptop is acting strange after opening an attachment,3.5,2.6
3161,2025-08-01 18:00,Software,Low,Requesting install of project management tool,19.1,3.1
3162,2025-08-01 11:15,Email,Medium,"Mailbox full, can't send or receive email",9.5,3.0
3163,2025-08-01 10:01,Printer,Medium,Printer is printing blank pages,5.6,2.1
3164,2025-08-01 08:04,Network_VPN,Low,Wi-Fi drops constantly in the east building,5.7,4.7
3165,2025-08-01 18:38,Account_Access,Medium,Locked out of my account after password expired,3.5,2.6
3166,2025-08-01 14:40,Account_Access,Medium,Requesting elevated access to the deployment pipeline,3.3,2.9
3167,2025-08-01 12:01,Software,Medium,Need Adobe Acrobat installed for contract review,23.6,2.7
3168,2025-08-01 08:27,Account_Access,High,Requesting elevated access to the deployment pipeline,1.6,4.3
3169,2025-08-01 07:24,Software,High,Software freezes whenever I try to export a file,11.9,4.5
3170,2025-08-01 08:05,Network_VPN,High,Very slow network speeds on corporate Wi-Fi,1.5,3.9
3171,2025-08-01 14:02,Account_Access,Medium,Locked out of my account after password expired,5.0,2.4
3172,2025-08-01 13:06,Account_Access,High,New hire needs accounts provisioned before start date,2.9,3.8
3173,2025-08-03 14:17,Software,High,Need Adobe Acrobat installed for contract review,6.1,4.3
3174,2025-08-04 18:33,Hardware,High,Laptop fan is extremely loud and it's overheating,5.7,4.4
3175,2025-08-04 12:27,Hardware,Medium,Docking station won't detect external monitor,32.1,3.9
3176,2025-08-04 10:00,Network_VPN,Critical,"Cannot connect to VPN, authentication failed error",1.2,4.2
3177,2025-08-04 12:55,Hardware,High,Battery drains fully within an hour,5.5,3.8
3178,2025-08-04 08:06,Software,Low,Requesting install of project management tool,15.1,3.1
3179,2025-08-04 14:31,Network_VPN,High,"Cannot connect to VPN, authentication failed error",6.2,4.3
3180,2025-08-04 17:34,Account_Access,Low,Requesting elevated access to the deployment pipeline,4.2,3.0
3181,2025-08-04 08:04,Network_VPN,Low,Very slow network speeds on corporate Wi-Fi,7.7,3.1
3182,2025-08-04 09:07,Network_VPN,Medium,Wi-Fi drops constantly in the east building,8.2,2.4
3183,2025-08-04 15:23,Network_VPN,Medium,VPN keeps disconnecting every few minutes,9.4,2.7
3184,2025-08-04 13:07,Software,Low,Requesting install of project management tool,20.6,2.3
3185,2025-08-04 13:00,Software,Low,Application keeps crashing on launch,12.7,3.1
3186,2025-08-04 16:33,Account_Access,High,New hire needs accounts provisioned before start date,0.8,4.5
3187,2025-08-04 10:12,Network_VPN,Medium,"Cannot connect to VPN, authentication failed error",6.2,4.2
3188,2025-08-04 17:40,Software,Medium,Requesting install of project management tool,9.5,4.1
3189,2025-08-04 08:30,Hardware,Medium,Laptop won't power on at all,30.4,4.3
3190,2025-08-04 17:23,Hardware,High,Laptop won't power on at all,12.4,4.6
3191,2025-08-04 12:49,Security,High,Antivirus is flagging a file I downloaded,2.6,3.6
3192,2025-08-04 16:53,Hardware,High,Battery drains fully within an hour,35.6,4.1
3193,2025-08-04 13:41,Email,Medium,Emails to external clients are bouncing back,9.7,2.8
3194,2025-08-04 08:27,Email,Medium,Emails to external clients are bouncing back,7.0,2.7
3195,2025-08-04 09:49,Software,Low,Requesting install of project management tool,9.3,4.8
3196,2025-08-04 12:19,Software,Low,License activation error on design software,12.4,4.5
3197,2025-08-04 14:24,Email,High,Outlook stuck in offline mode,4.8,4.2
3198,2025-08-04 12:34,Printer,Medium,Print jobs stuck in queue and won't clear,3.2,4.2
3199,2025-08-04 11:38,Hardware,Medium,Laptop won't power on at all,37.2,3.9
3200,2025-08-04 10:22,Hardware,Critical,Screen cracked after laptop bag fell,9.5,3.9
3201,2025-08-04 11:38,Security,Critical,Think I clicked a phishing link by accident,1.2,4.1
3202,2025-08-04 18:18,Hardware,High,Battery drains fully within an hour,34.3,3.7
3203,2025-08-04 14:37,Network_VPN,High,Wi-Fi drops constantly in the east building,4.0,3.8
3204,2025-08-04 10:38,Hardware,High,Laptop won't power on at all,33.8,4.5
3205,2025-08-04 10:25,Printer,Low,Printer is printing blank pages,6.1,2.7
3206,2025-08-04 11:38,Hardware,Critical,Screen cracked after laptop bag fell,11.8,4.0
3207,2025-08-05 10:51,Account_Access,High,Requesting elevated access to the deployment pipeline,3.2,3.5
3208,2025-08-05 11:32,Security,High,My laptop is acting strange after opening an attachment,3.2,4.4
3209,2025-08-05 14:38,Software,Low,Application keeps crashing on launch,23.7,2.9
3210,2025-08-05 12:48,Network_VPN,Medium,Very slow network speeds on corporate Wi-Fi,5.2,3.8
3211,2025-08-05 15:17,Printer,Low,Printer on 3rd floor is offline,3.1,3.7
3212,2025-08-05 17:36,Network_VPN,Critical,VPN keeps disconnecting every few minutes,2.9,3.8
3213,2025-08-05 13:15,Network_VPN,Medium,VPN keeps disconnecting every few minutes,9.1,2.4
3214,2025-08-05 12:53,Account_Access,Medium,New hire needs accounts provisioned before start date,5.0,3.4
3215,2025-08-05 13:13,Account_Access,Medium,Locked out of my account after password expired,3.4,2.3
3216,2025-08-05 11:51,Hardware,Critical,Laptop won't power on at all,5.6,4.6
3217,2025-08-06 09:57,Network_VPN,High,"Cannot connect to VPN, authentication failed error",2.2,4.2
3218,2025-08-06 13:37,Network_VPN,Medium,"Cannot connect to VPN, authentication failed error",4.3,4.5
3219,2025-08-06 13:45,Email,Medium,Not receiving any emails since this morning,5.2,4.8
3220,2025-08-06 13:01,Hardware,High,Battery drains fully within an hour,17.1,4.4
3221,2025-08-06 15:21,Hardware,Medium,Screen cracked after laptop bag fell,56.4,2.7
3222,2025-08-06 10:23,Account_Access,Medium,Requesting elevated access to the deployment pipeline,3.6,2.7
3223,2025-08-06 13:13,Network_VPN,High,VPN keeps disconnecting every few minutes,4.8,4.1
3224,2025-08-06 10:24,Account_Access,Medium,Forgot my password and self-service reset isn't working,3.1,3.9
3225,2025-08-06 17:44,Software,Critical,Requesting install of project management tool,4.9,4.3
3226,2025-08-06 14:27,Network_VPN,Medium,VPN keeps disconnecting every few minutes,7.0,2.6
3227,2025-08-06 12:58,Printer,Low,Can't add the new printer to my laptop,4.1,3.8
3228,2025-08-06 15:38,Security,Medium,My laptop is acting strange after opening an attachment,3.0,4.4
3229,2025-08-06 10:05,Hardware,High,Battery drains fully within an hour,37.3,4.0
3230,2025-08-06 08:33,Software,Low,Application keeps crashing on launch,19.1,2.1
3231,2025-08-06 09:14,Security,Medium,My laptop is acting strange after opening an attachment,2.7,4.2
3232,2025-08-06 07:36,Hardware,High,Battery drains fully within an hour,11.9,3.6
3233,2025-08-06 09:15,Software,Low,Application keeps crashing on launch,15.5,2.6
3234,2025-08-06 11:52,Network_VPN,High,"Cannot connect to VPN, authentication failed error",1.4,4.7
3235,2025-08-06 09:09,Printer,Medium,Printer on 3rd floor is offline,5.7,2.6
3236,2025-08-06 11:32,Hardware,Medium,Battery drains fully within an hour,24.8,4.8
3237,2025-08-06 09:15,Email,Medium,"Mailbox full, can't send or receive email",4.8,4.2
3238,2025-08-06 09:45,Email,Medium,Outlook stuck in offline mode,5.5,3.9
3239,2025-08-06 13:08,Network_VPN,Medium,"Cannot connect to VPN, authentication failed error",9.0,2.1
3240,2025-08-07 15:46,Account_Access,High,New hire needs accounts provisioned before start date,2.4,4.1
3241,2025-08-07 16:36,Hardware,High,Laptop fan is extremely loud and it's overheating,26.0,4.3
3242,2025-08-07 15:54,Printer,Medium,Can't add the new printer to my laptop,5.5,2.6
3243,2025-08-07 11:07,Hardware,Medium,Laptop won't power on at all,53.0,2.6
3244,2025-08-07 14:12,Software,Medium,Requesting install of project management tool,12.7,2.0
3245,2025-08-07 16:50,Printer,Low,Print jobs stuck in queue and won't clear,6.1,2.2
3246,2025-08-07 07:57,Printer,Medium,Print jobs stuck in queue and won't clear,4.3,2.4
3247,2025-08-07 12:56,Account_Access,Medium,Requesting elevated access to the deployment pipeline,3.7,3.1
3248,2025-08-08 17:59,Hardware,Critical,Docking station won't detect external monitor,8.2,3.7
3249,2025-08-08 17:55,Network_VPN,Low,Wi-Fi drops constantly in the east building,7.9,2.6
3250,2025-08-08 07:59,Hardware,Medium,Laptop fan is extremely loud and it's overheating,63.5,2.8
3251,2025-08-08 15:10,Security,Medium,My laptop is acting strange after opening an attachment,3.4,2.5
3252,2025-08-08 07:32,Network_VPN,Low,VPN keeps disconnecting every few minutes,9.8,2.4
3253,2025-08-08 16:29,Account_Access,Medium,New hire needs accounts provisioned before start date,3.9,2.5
3254,2025-08-08 08:56,Account_Access,Medium,Forgot my password and self-service reset isn't working,2.3,4.3
3255,2025-08-08 15:46,Hardware,Medium,Docking station won't detect external monitor,48.9,3.0
3256,2025-08-08 12:42,Printer,Critical,Printer on 3rd floor is offline,0.8,4.7
3257,2025-08-08 16:24,Printer,Low,Printer is printing blank pages,6.8,2.3
3258,2025-08-08 10:26,Account_Access,Low,Need access to the shared finance drive for a project,3.3,3.4
3259,2025-08-08 16:16,Software,High,Requesting install of project management tool,11.2,4.1
3260,2025-08-08 11:46,Security,Low,Think I clicked a phishing link by accident,2.4,4.8
3261,2025-08-08 17:31,Hardware,Medium,Laptop won't power on at all,68.0,2.2
3262,2025-08-11 11:36,Email,High,Outlook stuck in offline mode,5.4,4.8
3263,2025-08-11 17:53,Software,Medium,License activation error on design software,13.2,2.2
3264,2025-08-11 07:27,Printer,Medium,Printer is printing blank pages,6.8,2.4
3265,2025-08-11 13:03,Hardware,Critical,Screen cracked after laptop bag fell,9.1,5.0
3266,2025-08-11 15:14,Security,Critical,Antivirus is flagging a file I downloaded,0.9,4.7
3267,2025-08-11 08:44,Email,High,Emails to external clients are bouncing back,2.1,4.9
3268,2025-08-11 11:05,Hardware,Medium,Screen cracked after laptop bag fell,43.4,2.8
3269,2025-08-11 12:59,Account_Access,Medium,New hire needs accounts provisioned before start date,5.7,2.1
3270,2025-08-11 07:21,Email,Medium,Not receiving any emails since this morning,6.4,2.6
3271,2025-08-11 13:37,Security,High,Received a suspicious email asking for my password,1.8,5.0
3272,2025-08-11 09:21,Account_Access,High,Requesting elevated access to the deployment pipeline,1.3,4.4
3273,2025-08-11 08:50,Network_VPN,Medium,Wi-Fi drops constantly in the east building,10.9,2.2
3274,2025-08-11 18:41,Printer,Medium,Print jobs stuck in queue and won't clear,5.3,2.1
3275,2025-08-11 12:43,Network_VPN,Low,VPN keeps disconnecting every few minutes,5.7,3.7
3276,2025-08-11 11:21,Software,Medium,License activation error on design software,9.3,3.7
3277,2025-08-11 10:50,Network_VPN,Low,VPN client won't launch after latest update,4.6,3.5
3278,2025-08-11 11:39,Network_VPN,High,Very slow network speeds on corporate Wi-Fi,3.7,3.9
3279,2025-08-11 16:54,Email,High,"Mailbox full, can't send or receive email",2.3,3.6
3280,2025-08-11 07:25,Account_Access,Low,New hire needs accounts provisioned before start date,4.5,3.0
3281,2025-08-11 15:19,Email,High,Emails to external clients are bouncing back,4.6,4.0
3282,2025-08-11 11:42,Account_Access,Medium,Requesting elevated access to the deployment pipeline,5.7,3.2
3283,2025-08-11 07:37,Account_Access,Medium,Need access to the shared finance drive for a project,4.9,2.1
3284,2025-08-11 08:18,Email,Low,Emails to external clients are bouncing back,6.5,2.2
3285,2025-08-11 08:59,Printer,Medium,Printer is printing blank pages,6.5,2.7
3286,2025-08-11 14:41,Software,Medium,Software freezes whenever I try to export a file,12.8,3.1
3287,2025-08-11 11:24,Network_VPN,Medium,"Cannot connect to VPN, authentication failed error",7.0,2.1
3288,2025-08-11 12:28,Network_VPN,Medium,Very slow network speeds on corporate Wi-Fi,11.7,3.2
3289,2025-08-11 16:55,Network_VPN,High,Wi-Fi drops constantly in the east building,4.9,4.5
3290,2025-08-12 12:09,Network_VPN,Critical,"Cannot connect to VPN, authentication failed error",2.1,4.2
3291,2025-08-12 10:46,Network_VPN,Medium,"Cannot connect to VPN, authentication failed error",9.0,3.4
3292,2025-08-12 16:23,Network_VPN,High,VPN keeps disconnecting every few minutes,4.5,4.6
3293,2025-08-12 10:09,Account_Access,Medium,Locked out of my account after password expired,5.3,2.8
3294,2025-08-12 16:39,Account_Access,Medium,New hire needs accounts provisioned before start date,3.7,2.8
3295,2025-08-12 14:46,Security,High,Think I clicked a phishing link by accident,3.1,4.7
3296,2025-08-12 12:01,Software,Medium,License activation error on design software,20.1,2.1
3297,2025-08-12 16:36,Hardware,High,Laptop won't power on at all,33.9,4.9
3298,2025-08-12 17:54,Account_Access,High,Forgot my password and self-service reset isn't working,1.1,3.9
3299,2025-08-12 07:33,Network_VPN,High,"Cannot connect to VPN, authentication failed error",4.2,4.1
3300,2025-08-12 13:03,Account_Access,Critical,Need access to the shared finance drive for a project,1.1,4.1
3301,2025-08-12 07:32,Security,High,Antivirus is flagging a file I downloaded,3.0,4.9
3302,2025-08-12 16:13,Email,High,Outlook stuck in offline mode,4.0,4.2
3303,2025-08-13 13:35,Software,High,License activation error on design software,10.8,4.9
3304,2025-08-13 08:21,Printer,Medium,Print jobs stuck in queue and won't clear,3.8,4.5
3305,2025-08-13 11:10,Software,Low,Requesting install of project management tool,10.0,4.6
3306,2025-08-13 09:23,Software,Medium,License activation error on design software,22.5,2.3
3307,2025-08-13 08:04,Network_VPN,Medium,Wi-Fi drops constantly in the east building,8.5,2.8
3308,2025-08-13 11:11,Security,Critical,Received a suspicious email asking for my password,0.5,3.9
3309,2025-08-13 15:29,Network_VPN,Medium,Very slow network speeds on corporate Wi-Fi,8.2,3.3
3310,2025-08-13 08:22,Hardware,High,Docking station won't detect external monitor,13.5,3.6
3311,2025-08-13 16:51,Network_VPN,Medium,"Cannot connect to VPN, authentication failed error",6.2,3.5
3312,2025-08-13 15:52,Security,Critical,Received a suspicious email asking for my password,0.7,4.0
3313,2025-08-13 07:21,Software,Medium,Application keeps crashing on launch,22.8,2.9
3314,2025-08-13 10:10,Email,Low,Not receiving any emails since this morning,6.9,3.2
3315,2025-08-13 18:14,Network_VPN,High,Very slow network speeds on corporate Wi-Fi,5.1,3.6
3316,2025-08-13 12:12,Email,Medium,Not receiving any emails since this morning,6.6,2.5
3317,2025-08-13 17:59,Email,Medium,"Mailbox full, can't send or receive email",3.7,4.0
3318,2025-08-13 14:05,Account_Access,Medium,Forgot my password and self-service reset isn't working,5.4,3.5
3319,2025-08-13 09:30,Network_VPN,Medium,VPN keeps disconnecting every few minutes,8.6,2.2
3320,2025-08-13 07:50,Hardware,High,Laptop fan is extremely loud and it's overheating,15.6,4.4
3321,2025-08-13 07:54,Email,Medium,Outlook stuck in offline mode,7.1,2.6
3322,2025-08-13 13:09,Network_VPN,High,Wi-Fi drops constantly in the east building,6.5,4.5
3323,2025-08-13 14:19,Account_Access,Critical,Requesting elevated access to the deployment pipeline,1.8,4.0
3324,2025-08-13 18:05,Printer,Low,Can't add the new printer to my laptop,7.9,2.5
3325,2025-08-13 12:20,Email,Medium,"Mailbox full, can't send or receive email",4.3,3.9
3326,2025-08-13 07:17,Email,Medium,Emails to external clients are bouncing back,7.4,2.1
3327,2025-08-13 18:35,Account_Access,High,New hire needs accounts provisioned before start date,3.0,3.6
3328,2025-08-14 13:48,Email,High,Outlook stuck in offline mode,4.0,3.7
3329,2025-08-14 11:47,Security,Critical,Antivirus is flagging a file I downloaded,1.1,4.5
3330,2025-08-14 14:02,Network_VPN,Low,VPN keeps disconnecting every few minutes,11.6,2.0
3331,2025-08-14 15:57,Hardware,Medium,Screen cracked after laptop bag fell,29.5,3.7
3332,2025-08-14 18:55,Printer,Low,Printer on 3rd floor is offline,3.7,4.9
3333,2025-08-14 18:52,Network_VPN,Medium,VPN keeps disconnecting every few minutes,9.9,2.2
3334,2025-08-14 11:36,Email,Critical,Emails to external clients are bouncing back,1.0,4.3
3335,2025-08-14 16:42,Printer,Medium,Print jobs stuck in queue and won't clear,4.0,4.1
3336,2025-08-14 13:58,Hardware,Medium,Laptop fan is extremely loud and it's overheating,30.9,5.0
3337,2025-08-14 13:16,Software,Low,License activation error on design software,21.7,2.2
3338,2025-08-14 18:16,Software,Low,Requesting install of project management tool,9.7,4.4
3339,2025-08-14 17:15,Software,Low,Software freezes whenever I try to export a file,18.2,2.2
3340,2025-08-14 08:43,Network_VPN,Medium,VPN keeps disconnecting every few minutes,6.2,3.6
3341,2025-08-14 10:45,Hardware,Medium,Battery drains fully within an hour,29.8,3.5
3342,2025-08-14 09:46,Network_VPN,Medium,VPN keeps disconnecting every few minutes,6.9,2.7
3343,2025-08-14 17:33,Software,High,Need Adobe Acrobat installed for contract review,4.7,4.1
3344,2025-08-14 13:22,Software,Medium,Requesting install of project management tool,21.7,2.2
3345,2025-08-14 11:00,Network_VPN,Medium,"Cannot connect to VPN, authentication failed error",11.6,2.7
3346,2025-08-14 14:33,Hardware,Low,Battery drains fully within an hour,66.7,2.1
3347,2025-08-14 09:27,Account_Access,Low,Requesting elevated access to the deployment pipeline,3.3,2.4
3348,2025-08-14 12:19,Printer,Medium,Can't add the new printer to my laptop,5.5,2.9
3349,2025-08-14 13:17,Software,Low,Requesting install of project management tool,21.8,3.3
3350,2025-08-14 17:31,Network_VPN,Medium,"Cannot connect to VPN, authentication failed error",5.3,4.7
3351,2025-08-14 18:23,Hardware,High,Laptop fan is extremely loud and it's overheating,35.8,3.7
3352,2025-08-14 18:25,Hardware,Medium,Laptop won't power on at all,55.7,3.2
3353,2025-08-14 11:51,Network_VPN,Critical,VPN client won't launch after latest update,1.3,4.8
3354,2025-08-15 07:20,Printer,Medium,Print jobs stuck in queue and won't clear,7.9,2.0
3355,2025-08-15 08:46,Printer,Medium,Can't add the new printer to my laptop,2.8,3.8
3356,2025-08-15 17:25,Account_Access,Medium,Requesting elevated access to the deployment pipeline,5.2,2.9
3357,2025-08-15 16:12,Software,Medium,Software freezes whenever I try to export a file,13.6,2.6
3358,2025-08-15 10:34,Email,Low,Outlook stuck in offline mode,5.8,2.7
3359,2025-08-15 08:36,Account_Access,Medium,Need access to the shared finance drive for a project,4.3,3.0
3360,2025-08-15 15:47,Email,Medium,Emails to external clients are bouncing back,4.0,4.2
3361,2025-08-15 10:23,Network_VPN,Medium,VPN client won't launch after latest update,5.3,4.6
3362,2025-08-15 11:41,Network_VPN,Low,Wi-Fi drops constantly in the east building,8.8,2.2
3363,2025-08-15 16:07,Software,High,Requesting install of project management tool,2.1,4.9
3364,2025-08-15 10:02,Network_VPN,High,Wi-Fi drops constantly in the east building,4.0,4.4
3365,2025-08-15 07:59,Hardware,High,Screen cracked after laptop bag fell,26.3,4.5
3366,2025-08-15 15:37,Email,High,Emails to external clients are bouncing back,5.0,3.7
3367,2025-08-15 12:48,Account_Access,Medium,New hire needs accounts provisioned before start date,3.8,2.5
3368,2025-08-15 07:42,Hardware,Low,Battery drains fully within an hour,29.0,4.4
3369,2025-08-16 10:12,Network_VPN,Medium,"Cannot connect to VPN, authentication failed error",4.6,3.8
3370,2025-08-16 07:07,Network_VPN,Low,Very slow network speeds on corporate Wi-Fi,7.8,2.9
3371,2025-08-17 09:30,Account_Access,High,Forgot my password and self-service reset isn't working,1.7,4.5
3372,2025-08-18 13:06,Network_VPN,Low,Wi-Fi drops constantly in the east building,5.6,4.8
3373,2025-08-18 10:44,Network_VPN,Medium,"Cannot connect to VPN, authentication failed error",5.5,3.7
3374,2025-08-18 15:57,Email,High,Outlook stuck in offline mode,4.2,4.8
3375,2025-08-18 15:42,Security,Critical,Antivirus is flagging a file I downloaded,0.7,5.0
3376,2025-08-18 11:20,Software,Medium,Requesting install of project management tool,17.7,3.2
3377,2025-08-18 10:25,Account_Access,High,Need access to the shared finance drive for a project,2.7,4.8
3378,2025-08-18 18:08,Account_Access,Medium,New hire needs accounts provisioned before start date,2.5,4.4
3379,2025-08-18 15:30,Email,High,Emails to external clients are bouncing back,3.4,4.8
3380,2025-08-18 09:34,Hardware,High,Laptop fan is extremely loud and it's overheating,31.8,3.6
3381,2025-08-18 15:56,Email,Medium,Emails to external clients are bouncing back,4.0,4.8
3382,2025-08-18 11:16,Network_VPN,Medium,VPN client won't launch after latest update,6.9,2.8
3383,2025-08-18 10:08,Account_Access,High,Need access to the shared finance drive for a project,0.6,4.2
3384,2025-08-18 14:04,Printer,Medium,Print jobs stuck in queue and won't clear,3.2,3.7
3385,2025-08-18 17:17,Hardware,Low,Laptop fan is extremely loud and it's overheating,60.6,2.7
3386,2025-08-18 17:44,Security,Low,Antivirus is flagging a file I downloaded,5.1,3.2
3387,2025-08-18 17:37,Network_VPN,Low,VPN keeps disconnecting every few minutes,5.6,4.6
3388,2025-08-18 15:41,Network_VPN,Medium,"Cannot connect to VPN, authentication failed error",10.5,2.7
3389,2025-08-18 13:43,Account_Access,Low,New hire needs accounts provisioned before start date,2.7,4.0
3390,2025-08-18 08:34,Network_VPN,High,VPN client won't launch after latest update,5.1,3.9
3391,2025-08-18 09:11,Email,Medium,Not receiving any emails since this morning,7.0,3.2
3392,2025-08-18 14:02,Email,Medium,Outlook stuck in offline mode,8.7,2.5
3393,2025-08-18 11:56,Hardware,Low,Docking station won't detect external monitor,52.9,2.0
3394,2025-08-18 11:33,Account_Access,Medium,Forgot my password and self-service reset isn't working,2.5,4.6
3395,2025-08-18 11:32,Network_VPN,Medium,Very slow network speeds on corporate Wi-Fi,6.1,3.7
3396,2025-08-18 09:50,Account_Access,Medium,Forgot my password and self-service reset isn't working,2.3,4.0
3397,2025-08-18 13:13,Software,Medium,Need Adobe Acrobat installed for contract review,8.5,4.2
3398,2025-08-19 07:49,Hardware,High,Laptop fan is extremely loud and it's overheating,25.0,4.7
3399,2025-08-19 07:59,Software,Low,Software freezes whenever I try to export a file,8.9,3.9
3400,2025-08-19 15:47,Network_VPN,Medium,Very slow network speeds on corporate Wi-Fi,8.4,3.3
3401,2025-08-19 14:31,Network_VPN,Critical,Wi-Fi drops constantly in the east building,2.8,4.3
3402,2025-08-19 15:41,Email,Medium,Emails to external clients are bouncing back,6.1,3.1
3403,2025-08-19 13:39,Network_VPN,Medium,Wi-Fi drops constantly in the east building,9.5,2.2
3404,2025-08-19 11:26,Software,Medium,Application keeps crashing on launch,18.3,3.0
3405,2025-08-19 12:46,Account_Access,Medium,Locked out of my account after password expired,3.8,3.1
3406,2025-08-19 08:29,Printer,Low,Can't add the new printer to my laptop,4.4,3.2
3407,2025-08-19 12:48,Email,Medium,Not receiving any emails since this morning,9.9,2.6
3408,2025-08-19 10:46,Account_Access,High,Forgot my password and self-service reset isn't working,0.6,4.1
3409,2025-08-19 18:01,Software,Medium,License activation error on design software,10.9,3.8
3410,2025-08-19 11:32,Software,Medium,Requesting install of project management tool,14.5,2.4
3411,2025-08-19 18:06,Software,Medium,Software freezes whenever I try to export a file,22.7,3.2
3412,2025-08-19 11:21,Account_Access,Medium,New hire needs accounts provisioned before start date,4.1,3.2
3413,2025-08-20 17:03,Hardware,High,Laptop won't power on at all,15.6,3.9
3414,2025-08-20 12:12,Security,Medium,Antivirus is flagging a file I downloaded,5.7,2.3
3415,2025-08-20 18:14,Email,Medium,Outlook stuck in offline mode,9.3,2.2
3416,2025-08-20 14:46,Printer,Low,Printer on 3rd floor is offline,6.5,2.7
3417,2025-08-20 16:05,Email,Medium,"Mailbox full, can't send or receive email",7.5,2.3
3418,2025-08-20 10:02,Software,Medium,Application keeps crashing on launch,10.1,4.5
3419,2025-08-20 16:48,Email,High,"Mailbox full, can't send or receive email",5.3,4.9
3420,2025-08-20 13:49,Hardware,Critical,Screen cracked after laptop bag fell,5.6,4.9
3421,2025-08-20 07:51,Software,High,Software freezes whenever I try to export a file,1.1,3.8
3422,2025-08-20 16:33,Network_VPN,Medium,VPN keeps disconnecting every few minutes,7.5,2.8
3423,2025-08-20 14:16,Security,High,Think I clicked a phishing link by accident,1.4,4.5
3424,2025-08-20 16:43,Printer,High,Printer on 3rd floor is offline,3.9,4.9
3425,2025-08-21 11:38,Hardware,High,Laptop fan is extremely loud and it's overheating,8.6,3.6
3426,2025-08-21 08:34,Network_VPN,High,VPN keeps disconnecting every few minutes,4.5,4.4
3427,2025-08-21 16:08,Account_Access,Medium,Need access to the shared finance drive for a project,4.0,3.3
3428,2025-08-21 10:38,Printer,Low,Can't add the new printer to my laptop,7.0,2.2
3429,2025-08-21 13:04,Software,Low,Application keeps crashing on launch,15.2,2.5
3430,2025-08-21 15:34,Network_VPN,High,VPN keeps disconnecting every few minutes,5.7,3.9
3431,2025-08-21 12:15,Hardware,High,Laptop won't power on at all,25.4,4.7
3432,2025-08-21 15:44,Hardware,Medium,Docking station won't detect external monitor,70.4,3.1
3433,2025-08-21 10:55,Network_VPN,Medium,"Cannot connect to VPN, authentication failed error",10.8,3.4
3434,2025-08-21 07:24,Security,High,Think I clicked a phishing link by accident,1.6,4.4
3435,2025-08-21 09:49,Network_VPN,Low,Very slow network speeds on corporate Wi-Fi,11.5,2.3
3436,2025-08-21 09:27,Account_Access,Medium,Forgot my password and self-service reset isn't working,5.3,2.8
3437,2025-08-21 17:57,Software,Medium,Requesting install of project management tool,15.7,3.1
3438,2025-08-21 07:07,Network_VPN,Critical,"Cannot connect to VPN, authentication failed error",3.3,3.9
3439,2025-08-22 10:21,Account_Access,Low,New hire needs accounts provisioned before start date,4.2,2.7
3440,2025-08-22 15:08,Account_Access,High,Requesting elevated access to the deployment pipeline,3.0,4.6
3441,2025-08-22 07:06,Hardware,Medium,Battery drains fully within an hour,42.2,3.1
3442,2025-08-22 15:23,Software,Medium,Requesting install of project management tool,8.2,4.7
3443,2025-08-22 07:45,Security,Critical,Received a suspicious email asking for my password,0.9,3.8
3444,2025-08-22 18:36,Security,High,Antivirus is flagging a file I downloaded,1.0,4.6
3445,2025-08-22 17:18,Software,High,Requesting install of project management tool,7.6,4.1
3446,2025-08-22 12:37,Email,Low,Not receiving any emails since this morning,7.0,2.2
3447,2025-08-22 07:49,Hardware,Medium,Laptop fan is extremely loud and it's overheating,40.1,2.2
3448,2025-08-22 09:56,Hardware,High,Screen cracked after laptop bag fell,30.9,4.8
3449,2025-08-22 09:49,Network_VPN,High,"Cannot connect to VPN, authentication failed error",5.4,3.8
3450,2025-08-22 16:44,Security,High,My laptop is acting strange after opening an attachment,3.1,3.6
3451,2025-08-22 13:57,Network_VPN,Medium,VPN client won't launch after latest update,7.4,2.2
3452,2025-08-22 18:14,Network_VPN,Medium,Very slow network speeds on corporate Wi-Fi,6.0,4.3
3453,2025-08-22 17:15,Hardware,Medium,Battery drains fully within an hour,55.9,3.4
3454,2025-08-23 07:57,Network_VPN,High,VPN client won't launch after latest update,5.6,5.0
3455,2025-08-23 18:36,Account_Access,High,Requesting elevated access to the deployment pipeline,0.8,3.7
3456,2025-08-23 13:37,Software,Low,License activation error on design software,20.9,3.2
3457,2025-08-23 13:36,Printer,Low,Print jobs stuck in queue and won't clear,4.1,4.7
3458,2025-08-24 13:06,Account_Access,High,Locked out of my account after password expired,1.1,4.3
3459,2025-08-24 12:59,Software,High,Application keeps crashing on launch,10.3,4.0
3460,2025-08-24 09:15,Printer,Medium,Printer is printing blank pages,6.8,2.6
3461,2025-08-25 07:53,Printer,Medium,Printer is printing blank pages,4.2,4.8
3462,2025-08-25 15:27,Security,Critical,My laptop is acting strange after opening an attachment,0.5,4.5
3463,2025-08-25 13:32,Software,Low,Requesting install of project management tool,8.8,4.8
3464,2025-08-25 07:03,Account_Access,Medium,Locked out of my account after password expired,5.3,2.5
3465,2025-08-25 11:40,Security,High,My laptop is acting strange after opening an attachment,2.2,3.9
3466,2025-08-25 17:33,Software,Low,License activation error on design software,14.5,2.3
3467,2025-08-25 07:46,Network_VPN,Critical,VPN client won't launch after latest update,2.8,4.4
3468,2025-08-25 16:18,Account_Access,Medium,Forgot my password and self-service reset isn't working,5.6,2.7
3469,2025-08-25 13:48,Hardware,High,Laptop won't power on at all,19.3,3.7
3470,2025-08-25 08:47,Email,Medium,Emails to external clients are bouncing back,5.9,2.8
3471,2025-08-25 16:44,Email,Critical,Not receiving any emails since this morning,3.1,5.0
3472,2025-08-25 15:43,Security,Critical,Received a suspicious email asking for my password,0.9,4.1
3473,2025-08-25 08:59,Hardware,Critical,Laptop won't power on at all,7.4,4.2
3474,2025-08-25 13:06,Network_VPN,Medium,Wi-Fi drops constantly in the east building,11.5,2.3
3475,2025-08-25 09:43,Hardware,High,Laptop won't power on at all,11.0,5.0
3476,2025-08-25 13:15,Network_VPN,Medium,VPN client won't launch after latest update,7.2,2.3
3477,2025-08-25 12:24,Email,Low,Outlook stuck in offline mode,6.8,2.9
3478,2025-08-25 11:16,Network_VPN,Medium,"Cannot connect to VPN, authentication failed error",11.2,2.8
3479,2025-08-25 13:18,Software,High,Application keeps crashing on launch,4.7,3.7
3480,2025-08-25 14:13,Hardware,Medium,Laptop won't power on at all,38.0,3.6
3481,2025-08-25 14:47,Software,Medium,Need Adobe Acrobat installed for contract review,16.5,3.4
3482,2025-08-25 17:05,Printer,High,Print jobs stuck in queue and won't clear,0.8,4.8
3483,2025-08-25 13:10,Email,Low,Emails to external clients are bouncing back,4.9,4.3
3484,2025-08-25 16:28,Software,Medium,License activation error on design software,15.8,3.1
3485,2025-08-25 10:56,Account_Access,High,Requesting elevated access to the deployment pipeline,1.1,4.7
3486,2025-08-25 07:21,Network_VPN,Medium,VPN client won't launch after latest update,9.5,2.5
3487,2025-08-25 16:34,Account_Access,Critical,Requesting elevated access to the deployment pipeline,0.5,4.7
3488,2025-08-25 14:44,Printer,Low,Can't add the new printer to my laptop,7.6,2.2
3489,2025-08-25 09:55,Network_VPN,Medium,Very slow network speeds on corporate Wi-Fi,7.4,3.2
3490,2025-08-25 17:53,Printer,Medium,Printer is printing blank pages,4.7,2.2
3491,2025-08-25 13:43,Network_VPN,High,"Cannot connect to VPN, authentication failed error",2.8,3.7
3492,2025-08-25 08:43,Email,Low,Outlook stuck in offline mode,5.8,3.5
3493,2025-08-25 09:04,Account_Access,Low,New hire needs accounts provisioned before start date,2.4,4.5
3494,2025-08-26 07:35,Network_VPN,Medium,VPN client won't launch after latest update,7.8,2.9
3495,2025-08-26 15:55,Software,Low,License activation error on design software,17.9,2.8
3496,2025-08-26 07:38,Network_VPN,Low,"Cannot connect to VPN, authentication failed error",11.4,3.3
3497,2025-08-26 16:45,Software,Medium,Application keeps crashing on launch,16.6,3.5
3498,2025-08-26 16:21,Software,Critical,Software freezes whenever I try to export a file,4.7,3.9
3499,2025-08-26 15:32,Email,High,"Mailbox full, can't send or receive email",2.3,4.2
3500,2025-08-26 09:15,Hardware,High,Laptop won't power on at all,19.0,4.0
3501,2025-08-26 17:11,Email,Medium,Not receiving any emails since this morning,6.7,2.8
3502,2025-08-26 16:04,Network_VPN,Medium,VPN client won't launch after latest update,7.2,2.1
3503,2025-08-26 09:54,Printer,Medium,Can't add the new printer to my laptop,5.5,2.6
3504,2025-08-26 09:20,Software,Medium,Requesting install of project management tool,19.5,2.2
3505,2025-08-26 15:20,Hardware,High,Battery drains fully within an hour,29.5,4.7
3506,2025-08-26 10:23,Software,Medium,Need Adobe Acrobat installed for contract review,10.9,4.4
3507,2025-08-26 13:24,Network_VPN,High,Wi-Fi drops constantly in the east building,4.6,4.8
3508,2025-08-26 08:10,Printer,Medium,Printer is printing blank pages,5.7,2.0
3509,2025-08-26 11:16,Account_Access,Low,New hire needs accounts provisioned before start date,5.0,3.3
3510,2025-08-26 12:52,Network_VPN,Medium,VPN client won't launch after latest update,8.9,2.3
3511,2025-08-26 17:34,Email,Medium,Outlook stuck in offline mode,5.3,4.9
3512,2025-08-26 10:34,Printer,Medium,Printer is printing blank pages,7.1,2.3
3513,2025-08-26 17:58,Security,High,Received a suspicious email asking for my password,1.0,3.6
3514,2025-08-26 09:58,Account_Access,High,New hire needs accounts provisioned before start date,2.5,4.9
3515,2025-08-26 16:14,Security,Medium,My laptop is acting strange after opening an attachment,4.4,2.6
3516,2025-08-26 08:14,Email,Medium,Emails to external clients are bouncing back,7.5,3.0
3517,2025-08-26 17:31,Email,Medium,"Mailbox full, can't send or receive email",6.2,2.5
3518,2025-08-26 12:48,Hardware,Critical,Docking station won't detect external monitor,13.5,3.5
3519,2025-08-26 17:39,Hardware,High,Screen cracked after laptop bag fell,11.6,3.8
3520,2025-08-27 14:10,Email,Critical,"Mailbox full, can't send or receive email",1.3,4.2
3521,2025-08-27 07:05,Network_VPN,High,VPN client won't launch after latest update,2.8,3.9
3522,2025-08-27 08:20,Email,Medium,Emails to external clients are bouncing back,4.3,3.9
3523,2025-08-27 10:52,Email,Low,Emails to external clients are bouncing back,8.3,2.5
3524,2025-08-27 12:02,Hardware,Low,Laptop fan is extremely loud and it's overheating,62.4,2.7
3525,2025-08-27 17:51,Network_VPN,Medium,VPN client won't launch after latest update,10.8,3.0
3526,2025-08-27 16:33,Network_VPN,Low,VPN keeps disconnecting every few minutes,7.0,2.7
3527,2025-08-27 16:46,Security,High,Received a suspicious email asking for my password,1.9,4.3
3528,2025-08-27 15:33,Email,Low,Not receiving any emails since this morning,6.0,2.4
3529,2025-08-27 15:51,Software,Medium,License activation error on design software,22.2,3.4
3530,2025-08-27 16:32,Email,Medium,Not receiving any emails since this morning,9.7,3.3
3531,2025-08-28 09:31,Printer,Medium,Can't add the new printer to my laptop,4.2,4.8
3532,2025-08-28 15:40,Software,Medium,Software freezes whenever I try to export a file,19.8,3.0
3533,2025-08-28 18:53,Account_Access,Medium,New hire needs accounts provisioned before start date,3.6,3.3
3534,2025-08-28 08:05,Software,Medium,Application keeps crashing on launch,12.8,2.9
3535,2025-08-28 07:56,Email,Critical,Not receiving any emails since this morning,1.1,4.9
3536,2025-08-28 17:56,Network_VPN,High,"Cannot connect to VPN, authentication failed error",3.0,3.8
3537,2025-08-28 08:51,Account_Access,Low,Need access to the shared finance drive for a project,5.5,3.3
3538,2025-08-28 07:33,Account_Access,Low,Forgot my password and self-service reset isn't working,2.2,4.0
3539,2025-08-28 11:18,Account_Access,Medium,Requesting elevated access to the deployment pipeline,2.9,3.7
3540,2025-08-28 09:31,Email,Medium,Not receiving any emails since this morning,7.6,3.1
3541,2025-08-28 18:18,Security,High,Think I clicked a phishing link by accident,3.0,4.7
3542,2025-08-28 18:45,Software,Medium,Application keeps crashing on launch,10.0,4.8
3543,2025-08-28 10:51,Network_VPN,Medium,Wi-Fi drops constantly in the east building,11.6,2.1
3544,2025-08-28 10:38,Email,High,"Mailbox full, can't send or receive email",1.9,3.6
3545,2025-08-28 18:00,Network_VPN,High,VPN keeps disconnecting every few minutes,4.4,3.6
3546,2025-08-28 15:29,Email,Medium,Emails to external clients are bouncing back,6.8,2.3
3547,2025-08-28 08:42,Account_Access,Low,New hire needs accounts provisioned before start date,4.0,2.8
3548,2025-08-28 18:23,Hardware,Critical,Battery drains fully within an hour,12.2,4.0
3549,2025-08-28 07:20,Software,Medium,License activation error on design software,14.0,3.3
3550,2025-08-28 14:24,Network_VPN,Medium,VPN keeps disconnecting every few minutes,10.3,3.0
3551,2025-08-28 09:45,Email,High,Emails to external clients are bouncing back,2.8,4.3
3552,2025-08-29 14:50,Security,Medium,My laptop is acting strange after opening an attachment,3.9,2.3
3553,2025-08-29 07:20,Printer,High,Print jobs stuck in queue and won't clear,3.0,4.9
3554,2025-08-29 18:26,Network_VPN,Medium,"Cannot connect to VPN, authentication failed error",8.7,2.9
3555,2025-08-29 16:04,Email,High,"Mailbox full, can't send or receive email",4.6,4.5
3556,2025-08-29 12:41,Software,Medium,Application keeps crashing on launch,10.2,4.8
3557,2025-08-29 12:35,Account_Access,High,Need access to the shared finance drive for a project,2.9,4.3
3558,2025-08-29 18:47,Security,High,Antivirus is flagging a file I downloaded,1.8,4.5
3559,2025-08-29 07:36,Email,Medium,Emails to external clients are bouncing back,6.2,2.4
3560,2025-08-29 18:46,Account_Access,Medium,Forgot my password and self-service reset isn't working,5.8,2.7
3561,2025-08-29 07:11,Network_VPN,High,Very slow network speeds on corporate Wi-Fi,5.7,4.4
3562,2025-08-29 16:29,Software,Low,Requesting install of project management tool,8.8,3.9
3563,2025-08-29 12:08,Printer,Medium,Can't add the new printer to my laptop,3.9,4.6
3564,2025-08-29 07:51,Software,High,Software freezes whenever I try to export a file,7.0,3.7
3565,2025-08-29 18:55,Software,Low,Need Adobe Acrobat installed for contract review,13.8,3.1
3566,2025-08-29 15:31,Network_VPN,Medium,"Cannot connect to VPN, authentication failed error",11.1,2.4
3567,2025-08-29 12:43,Software,Medium,Requesting install of project management tool,16.0,2.9
3568,2025-08-29 15:25,Account_Access,Medium,Forgot my password and self-service reset isn't working,3.5,2.4
3569,2025-08-29 13:41,Security,Medium,Received a suspicious email asking for my password,3.2,4.0
3570,2025-08-29 08:22,Network_VPN,High,VPN client won't launch after latest update,4.2,3.7
3571,2025-08-29 08:01,Email,Critical,Emails to external clients are bouncing back,3.0,4.4
3572,2025-08-29 12:42,Printer,Medium,Print jobs stuck in queue and won't clear,6.6,2.9
3573,2025-08-29 15:12,Network_VPN,Medium,Wi-Fi drops constantly in the east building,6.4,4.8
3574,2025-08-31 17:37,Email,Medium,"Mailbox full, can't send or receive email",10.0,2.1
3575,2025-08-31 09:46,Hardware,Critical,Laptop fan is extremely loud and it's overheating,6.5,3.6
3576,2025-08-31 14:26,Network_VPN,Medium,"Cannot connect to VPN, authentication failed error",11.0,3.4
3577,2025-08-31 08:07,Hardware,Low,Battery drains fully within an hour,53.2,3.1
3578,2025-09-01 18:02,Hardware,Medium,Laptop won't power on at all,33.0,3.7
3579,2025-09-01 10:12,Hardware,High,Screen cracked after laptop bag fell,35.5,4.6
3580,2025-09-01 12:13,Security,Low,Think I clicked a phishing link by accident,4.4,2.6
3581,2025-09-01 15:06,Hardware,High,Battery drains fully within an hour,33.8,4.7
3582,2025-09-01 15:43,Network_VPN,Medium,Wi-Fi drops constantly in the east building,5.0,3.5
3583,2025-09-01 17:20,Hardware,Medium,Laptop fan is extremely loud and it's overheating,40.4,2.0
3584,2025-09-01 16:12,Security,High,Think I clicked a phishing link by accident,1.5,3.5
3585,2025-09-01 08:51,Software,Critical,License activation error on design software,3.0,4.1
3586,2025-09-01 16:22,Printer,Medium,Printer on 3rd floor is offline,3.9,4.5
3587,2025-09-01 14:07,Network_VPN,Medium,VPN client won't launch after latest update,4.4,3.6
3588,2025-09-01 12:24,Network_VPN,Medium,"Cannot connect to VPN, authentication failed error",7.1,2.5
3589,2025-09-01 18:49,Account_Access,Medium,Need access to the shared finance drive for a project,2.3,4.9
3590,2025-09-01 12:39,Network_VPN,Critical,"Cannot connect to VPN, authentication failed error",3.6,4.1
3591,2025-09-01 16:03,Network_VPN,Medium,"Cannot connect to VPN, authentication failed error",6.4,3.7
3592,2025-09-02 10:08,Printer,Low,Printer on 3rd floor is offline,7.3,2.0
3593,2025-09-02 12:16,Network_VPN,Medium,Wi-Fi drops constantly in the east building,11.6,2.2
3594,2025-09-02 10:44,Security,Critical,Think I clicked a phishing link by accident,1.4,4.5
3595,2025-09-02 12:58,Printer,Low,Printer is printing blank pages,3.1,3.5
3596,2025-09-02 13:57,Email,Medium,Not receiving any emails since this morning,8.5,2.7
3597,2025-09-02 12:23,Printer,Low,Printer on 3rd floor is offline,5.8,3.2
3598,2025-09-02 09:53,Account_Access,High,Need access to the shared finance drive for a project,1.2,4.8
3599,2025-09-02 08:51,Email,Medium,Not receiving any emails since this morning,4.4,4.3
3600,2025-09-02 13:35,Printer,Low,Printer on 3rd floor is offline,2.9,4.9
3601,2025-09-02 09:27,Account_Access,Medium,Requesting elevated access to the deployment pipeline,5.1,2.1
3602,2025-09-02 12:28,Hardware,Low,Laptop fan is extremely loud and it's overheating,29.0,4.6
3603,2025-09-02 18:03,Network_VPN,Low,VPN client won't launch after latest update,9.8,3.5
3604,2025-09-02 07:29,Hardware,High,Battery drains fully within an hour,17.9,3.7
3605,2025-09-02 12:33,Printer,Low,Printer is printing blank pages,3.0,4.8
3606,2025-09-02 18:12,Security,High,My laptop is acting strange after opening an attachment,2.7,3.8
3607,2025-09-02 17:22,Network_VPN,Medium,VPN client won't launch after latest update,7.0,3.3
3608,2025-09-02 15:00,Hardware,High,Docking station won't detect external monitor,20.9,3.8
3609,2025-09-02 14:59,Account_Access,Medium,Need access to the shared finance drive for a project,2.8,4.7
3610,2025-09-02 12:37,Account_Access,High,Requesting elevated access to the deployment pipeline,1.7,3.7
3611,2025-09-02 07:03,Network_VPN,High,"Cannot connect to VPN, authentication failed error",4.8,4.2
3612,2025-09-02 17:37,Security,High,My laptop is acting strange after opening an attachment,0.8,4.9
3613,2025-09-02 17:29,Network_VPN,High,VPN keeps disconnecting every few minutes,1.3,4.4
3614,2025-09-03 15:49,Email,Low,"Mailbox full, can't send or receive email",7.8,2.9
3615,2025-09-03 18:40,Security,Critical,Received a suspicious email asking for my password,1.3,4.5
3616,2025-09-03 08:20,Software,Low,Software freezes whenever I try to export a file,11.9,5.0
3617,2025-09-03 16:19,Printer,Low,Printer on 3rd floor is offline,5.9,2.1
3618,2025-09-03 16:33,Software,High,Software freezes whenever I try to export a file,11.7,4.1
3619,2025-09-03 17:07,Security,High,Think I clicked a phishing link by accident,1.0,4.4
3620,2025-09-03 13:06,Email,High,Not receiving any emails since this morning,4.4,3.7
3621,2025-09-03 11:15,Network_VPN,Medium,Very slow network speeds on corporate Wi-Fi,4.7,4.2
3622,2025-09-03 18:32,Account_Access,High,Need access to the shared finance drive for a project,1.7,3.8
3623,2025-09-03 16:28,Software,Low,Software freezes whenever I try to export a file,17.1,2.2
3624,2025-09-03 13:54,Printer,Medium,Printer on 3rd floor is offline,7.5,2.2
3625,2025-09-04 09:06,Network_VPN,Low,Very slow network speeds on corporate Wi-Fi,7.8,3.4
3626,2025-09-04 17:51,Network_VPN,High,VPN keeps disconnecting every few minutes,4.6,4.5
3627,2025-09-04 08:15,Software,Low,License activation error on design software,22.9,3.4
3628,2025-09-04 16:28,Account_Access,Medium,New hire needs accounts provisioned before start date,4.4,3.3
3629,2025-09-04 15:32,Email,Low,"Mailbox full, can't send or receive email",6.5,2.0
3630,2025-09-04 08:34,Software,High,License activation error on design software,6.8,4.7
3631,2025-09-04 14:56,Security,High,Antivirus is flagging a file I downloaded,0.9,4.6
3632,2025-09-04 14:59,Email,Medium,Emails to external clients are bouncing back,6.5,2.8
3633,2025-09-04 13:30,Network_VPN,Low,"Cannot connect to VPN, authentication failed error",4.5,4.3
3634,2025-09-04 16:05,Account_Access,High,Locked out of my account after password expired,1.0,3.8
3635,2025-09-04 09:32,Account_Access,Low,Requesting elevated access to the deployment pipeline,4.6,2.1
3636,2025-09-04 15:09,Email,High,Outlook stuck in offline mode,3.7,4.1
3637,2025-09-05 14:42,Printer,Medium,Can't add the new printer to my laptop,8.0,3.4
3638,2025-09-05 11:57,Software,Low,License activation error on design software,13.6,3.1
3639,2025-09-05 15:41,Printer,Low,Can't add the new printer to my laptop,5.0,2.7
3640,2025-09-05 15:14,Account_Access,Medium,Requesting elevated access to the deployment pipeline,5.6,3.0
3641,2025-09-05 17:42,Account_Access,Medium,Requesting elevated access to the deployment pipeline,5.1,2.7
3642,2025-09-05 13:44,Software,Low,Application keeps crashing on launch,8.6,4.4
3643,2025-09-05 16:27,Software,Medium,Software freezes whenever I try to export a file,16.7,3.1
3644,2025-09-05 09:35,Network_VPN,Medium,Very slow network speeds on corporate Wi-Fi,5.5,4.2
3645,2025-09-05 10:52,Account_Access,Low,Requesting elevated access to the deployment pipeline,5.9,2.5
3646,2025-09-05 16:50,Software,Medium,License activation error on design software,9.9,4.3
3647,2025-09-05 16:02,Printer,Medium,Printer is printing blank pages,5.5,2.8
3648,2025-09-05 15:28,Email,Critical,Emails to external clients are bouncing back,1.9,3.7
3649,2025-09-05 11:04,Software,Medium,Need Adobe Acrobat installed for contract review,17.9,2.1
3650,2025-09-05 12:42,Account_Access,Medium,Locked out of my account after password expired,5.1,3.1
3651,2025-09-05 08:14,Printer,Critical,Print jobs stuck in queue and won't clear,2.1,4.6
3652,2025-09-05 07:58,Account_Access,High,Requesting elevated access to the deployment pipeline,1.4,5.0
3653,2025-09-05 18:01,Account_Access,Medium,New hire needs accounts provisioned before start date,3.7,3.2
3654,2025-09-05 09:16,Email,High,Outlook stuck in offline mode,2.3,4.0
3655,2025-09-05 18:18,Network_VPN,Medium,VPN keeps disconnecting every few minutes,9.3,3.3
3656,2025-09-05 18:30,Account_Access,Medium,New hire needs accounts provisioned before start date,5.4,2.7
3657,2025-09-05 15:36,Email,High,"Mailbox full, can't send or receive email",1.6,3.9
3658,2025-09-05 13:29,Printer,Medium,Printer on 3rd floor is offline,7.8,3.1
3659,2025-09-06 08:50,Network_VPN,Low,Wi-Fi drops constantly in the east building,6.4,4.3
3660,2025-09-06 11:34,Account_Access,Medium,Forgot my password and self-service reset isn't working,5.7,2.9
3661,2025-09-06 16:25,Hardware,High,Laptop fan is extremely loud and it's overheating,35.1,4.5
3662,2025-09-06 11:44,Software,Medium,Software freezes whenever I try to export a file,22.9,2.6
3663,2025-09-08 08:39,Account_Access,Critical,Forgot my password and self-service reset isn't working,1.6,3.6
3664,2025-09-08 14:23,Network_VPN,High,VPN client won't launch after latest update,1.3,4.5
3665,2025-09-08 14:05,Account_Access,High,Requesting elevated access to the deployment pipeline,0.6,3.7
3666,2025-09-08 15:51,Hardware,Medium,Laptop won't power on at all,52.8,3.1
3667,2025-09-08 09:06,Hardware,Medium,Docking station won't detect external monitor,44.0,3.1
3668,2025-09-08 07:03,Hardware,Medium,Screen cracked after laptop bag fell,52.9,2.6
3669,2025-09-08 16:16,Network_VPN,Medium,VPN client won't launch after latest update,5.3,4.3
3670,2025-09-08 11:50,Network_VPN,Critical,Wi-Fi drops constantly in the east building,3.7,4.5
3671,2025-09-08 13:16,Email,Medium,Not receiving any emails since this morning,6.3,2.5
3672,2025-09-08 14:21,Network_VPN,Medium,Wi-Fi drops constantly in the east building,11.0,2.7
3673,2025-09-08 12:14,Hardware,High,Laptop won't power on at all,30.6,4.0
3674,2025-09-08 12:16,Network_VPN,High,VPN client won't launch after latest update,1.2,3.7
3675,2025-09-08 13:21,Printer,Medium,Can't add the new printer to my laptop,7.2,2.3
3676,2025-09-08 12:14,Software,Low,Need Adobe Acrobat installed for contract review,18.1,2.9
3677,2025-09-08 09:07,Security,High,Received a suspicious email asking for my password,2.4,3.7
3678,2025-09-08 14:44,Network_VPN,Medium,Wi-Fi drops constantly in the east building,10.2,2.7
3679,2025-09-08 13:01,Software,Medium,License activation error on design software,20.2,2.9
3680,2025-09-08 15:52,Network_VPN,Medium,"Cannot connect to VPN, authentication failed error",11.9,2.1
3681,2025-09-08 15:00,Security,Critical,My laptop is acting strange after opening an attachment,0.5,4.9
3682,2025-09-08 15:08,Network_VPN,Medium,VPN client won't launch after latest update,7.3,3.1
3683,2025-09-08 14:59,Network_VPN,Medium,VPN keeps disconnecting every few minutes,8.9,3.4
3684,2025-09-08 18:26,Printer,High,Printer on 3rd floor is offline,1.5,3.7
3685,2025-09-08 08:58,Printer,Medium,Print jobs stuck in queue and won't clear,5.0,2.2
3686,2025-09-09 12:14,Network_VPN,Medium,VPN client won't launch after latest update,10.0,3.3
3687,2025-09-09 14:35,Hardware,High,Laptop fan is extremely loud and it's overheating,33.5,4.3
3688,2025-09-09 11:08,Account_Access,Medium,Need access to the shared finance drive for a project,3.2,4.3
3689,2025-09-09 11:23,Network_VPN,High,VPN client won't launch after latest update,2.3,4.0
3690,2025-09-09 11:41,Printer,Low,Printer is printing blank pages,6.3,2.6
3691,2025-09-09 08:07,Account_Access,Medium,Requesting elevated access to the deployment pipeline,2.7,3.8
3692,2025-09-09 15:39,Network_VPN,Medium,"Cannot connect to VPN, authentication failed error",9.8,2.7
3693,2025-09-09 08:28,Printer,Medium,Can't add the new printer to my laptop,6.0,3.2
3694,2025-09-09 17:43,Hardware,High,Docking station won't detect external monitor,12.3,3.9
3695,2025-09-09 15:24,Printer,Low,Can't add the new printer to my laptop,3.8,4.7
3696,2025-09-09 15:03,Software,High,Need Adobe Acrobat installed for contract review,5.1,3.5
3697,2025-09-09 07:16,Printer,Medium,Printer on 3rd floor is offline,4.8,2.4
3698,2025-09-09 10:20,Account_Access,Low,Need access to the shared finance drive for a project,4.5,3.2
3699,2025-09-10 10:56,Hardware,Medium,Battery drains fully within an hour,66.9,2.5
3700,2025-09-10 18:06,Account_Access,High,Locked out of my account after password expired,2.9,4.7
3701,2025-09-10 08:53,Hardware,Medium,Docking station won't detect external monitor,48.4,2.8
3702,2025-09-10 12:16,Hardware,Medium,Battery drains fully within an hour,36.5,4.5
3703,2025-09-10 12:44,Account_Access,High,Locked out of my account after password expired,1.1,4.3
3704,2025-09-10 08:00,Network_VPN,High,VPN client won't launch after latest update,3.5,4.7
3705,2025-09-10 14:32,Software,Low,License activation error on design software,17.5,2.2
3706,2025-09-10 16:37,Hardware,Critical,Screen cracked after laptop bag fell,16.5,4.7
3707,2025-09-10 18:38,Hardware,High,Laptop fan is extremely loud and it's overheating,30.4,4.8
3708,2025-09-10 08:17,Network_VPN,Medium,Wi-Fi drops constantly in the east building,9.7,3.3
3709,2025-09-10 18:38,Email,Medium,Emails to external clients are bouncing back,5.2,4.7
3710,2025-09-10 10:53,Hardware,High,Docking station won't detect external monitor,10.0,3.7
3711,2025-09-10 16:50,Software,Medium,Application keeps crashing on launch,10.5,3.9
3712,2025-09-10 13:58,Network_VPN,Critical,VPN keeps disconnecting every few minutes,2.8,4.2
3713,2025-09-10 07:45,Email,Critical,Emails to external clients are bouncing back,2.2,4.3
3714,2025-09-10 07:11,Software,Low,Application keeps crashing on launch,9.9,4.7
3715,2025-09-10 13:24,Account_Access,Low,Locked out of my account after password expired,4.8,2.6
3716,2025-09-10 15:58,Network_VPN,Medium,VPN keeps disconnecting every few minutes,9.2,3.0
3717,2025-09-10 11:12,Printer,Medium,Can't add the new printer to my laptop,3.4,4.3
3718,2025-09-10 15:18,Account_Access,Medium,Locked out of my account after password expired,5.7,2.4
3719,2025-09-10 07:50,Security,High,Think I clicked a phishing link by accident,0.7,4.3
3720,2025-09-10 09:12,Hardware,High,Docking station won't detect external monitor,30.1,4.3
3721,2025-09-10 08:02,Account_Access,High,Requesting elevated access to the deployment pipeline,2.1,4.7
3722,2025-09-10 07:23,Network_VPN,Medium,VPN keeps disconnecting every few minutes,10.1,3.4
3723,2025-09-10 14:53,Email,Critical,Outlook stuck in offline mode,3.1,4.4
3724,2025-09-11 13:17,Account_Access,Medium,Locked out of my account after password expired,5.9,3.0
3725,2025-09-11 08:45,Network_VPN,Critical,VPN keeps disconnecting every few minutes,2.1,4.1
3726,2025-09-11 12:06,Network_VPN,Critical,"Cannot connect to VPN, authentication failed error",1.0,4.2
3727,2025-09-11 16:00,Hardware,Medium,Laptop fan is extremely loud and it's overheating,53.8,2.1
3728,2025-09-11 11:35,Account_Access,High,New hire needs accounts provisioned before start date,1.7,4.3
3729,2025-09-11 13:38,Network_VPN,High,VPN client won't launch after latest update,4.1,4.1
3730,2025-09-11 15:57,Hardware,High,Laptop won't power on at all,22.4,4.3
3731,2025-09-11 14:50,Software,Medium,Need Adobe Acrobat installed for contract review,23.9,3.0
3732,2025-09-11 12:29,Software,Low,License activation error on design software,20.8,2.6
3733,2025-09-11 09:01,Email,High,Not receiving any emails since this morning,1.1,4.4
3734,2025-09-12 15:53,Network_VPN,Medium,Wi-Fi drops constantly in the east building,11.7,2.8
3735,2025-09-12 07:48,Email,Low,Not receiving any emails since this morning,9.9,2.8
3736,2025-09-12 12:21,Security,Critical,Antivirus is flagging a file I downloaded,1.8,4.7
3737,2025-09-12 17:47,Hardware,High,Laptop won't power on at all,19.5,4.6
3738,2025-09-12 15:43,Network_VPN,Medium,Wi-Fi drops constantly in the east building,5.7,3.6
3739,2025-09-12 09:27,Printer,Low,Print jobs stuck in queue and won't clear,5.9,2.9
3740,2025-09-12 16:04,Account_Access,Low,Need access to the shared finance drive for a project,5.8,2.5
3741,2025-09-12 08:52,Hardware,High,Screen cracked after laptop bag fell,16.5,4.9
3742,2025-09-12 13:49,Software,Medium,License activation error on design software,21.3,2.1
3743,2025-09-12 12:31,Hardware,High,Laptop won't power on at all,8.8,4.8
3744,2025-09-14 12:26,Network_VPN,Low,VPN keeps disconnecting every few minutes,7.4,3.4
3745,2025-09-14 14:11,Account_Access,Medium,Locked out of my account after password expired,3.0,3.7
3746,2025-09-14 11:00,Hardware,High,Laptop fan is extremely loud and it's overheating,34.2,4.8
3747,2025-09-14 09:10,Network_VPN,Medium,Very slow network speeds on corporate Wi-Fi,11.6,3.2
3748,2025-09-15 15:59,Printer,Low,Print jobs stuck in queue and won't clear,8.0,2.1
3749,2025-09-15 15:41,Security,Low,Antivirus is flagging a file I downloaded,2.4,4.7
3750,2025-09-15 16:11,Software,Low,Need Adobe Acrobat installed for contract review,17.1,3.5
3751,2025-09-15 13:05,Email,Critical,"Mailbox full, can't send or receive email",2.5,4.0
3752,2025-09-15 14:03,Printer,Medium,Printer on 3rd floor is offline,3.9,4.7
3753,2025-09-15 13:37,Email,Medium,Emails to external clients are bouncing back,3.9,3.6
3754,2025-09-15 17:05,Account_Access,Low,Locked out of my account after password expired,4.0,3.4
3755,2025-09-15 17:09,Email,Medium,Outlook stuck in offline mode,5.8,2.4
3756,2025-09-15 13:22,Printer,Low,Can't add the new printer to my laptop,5.7,2.3
3757,2025-09-15 18:05,Network_VPN,Medium,Wi-Fi drops constantly in the east building,7.9,2.2
3758,2025-09-15 15:05,Security,Critical,Think I clicked a phishing link by accident,0.8,4.0
3759,2025-09-15 15:42,Account_Access,Low,Locked out of my account after password expired,3.4,2.2
3760,2025-09-15 10:56,Software,Medium,Application keeps crashing on launch,9.0,4.8
3761,2025-09-15 10:21,Printer,Low,Printer is printing blank pages,5.5,3.3
3762,2025-09-15 15:27,Email,Medium,Emails to external clients are bouncing back,4.1,4.8
3763,2025-09-15 18:16,Network_VPN,Medium,Very slow network speeds on corporate Wi-Fi,8.8,2.3
3764,2025-09-15 10:24,Email,Medium,Emails to external clients are bouncing back,9.8,2.5
3765,2025-09-15 12:03,Security,High,Antivirus is flagging a file I downloaded,0.9,3.6
3766,2025-09-15 14:39,Hardware,Critical,Docking station won't detect external monitor,16.0,4.1
3767,2025-09-15 09:46,Account_Access,Medium,Locked out of my account after password expired,3.7,2.3
3768,2025-09-16 07:31,Software,High,Software freezes whenever I try to export a file,11.4,4.0
3769,2025-09-16 10:06,Software,Medium,License activation error on design software,18.6,2.9
3770,2025-09-16 16:43,Security,High,Received a suspicious email asking for my password,1.9,4.1
3771,2025-09-16 13:03,Network_VPN,High,Wi-Fi drops constantly in the east building,4.9,4.2
3772,2025-09-16 12:58,Software,Low,Application keeps crashing on launch,8.3,4.6
3773,2025-09-16 07:57,Account_Access,Medium,Forgot my password and self-service reset isn't working,2.5,3.8
3774,2025-09-16 16:22,Network_VPN,Medium,"Cannot connect to VPN, authentication failed error",11.2,3.2
3775,2025-09-16 18:58,Email,Low,"Mailbox full, can't send or receive email",9.1,3.1
3776,2025-09-17 12:51,Network_VPN,Medium,VPN keeps disconnecting every few minutes,10.9,3.4
3777,2025-09-17 07:28,Software,Low,Software freezes whenever I try to export a file,18.1,2.9
3778,2025-09-17 09:29,Account_Access,Low,Requesting elevated access to the deployment pipeline,3.9,2.3
3779,2025-09-17 12:41,Software,High,Need Adobe Acrobat installed for contract review,9.1,4.4
3780,2025-09-17 13:18,Network_VPN,High,"Cannot connect to VPN, authentication failed error",5.6,3.6
3781,2025-09-17 18:57,Security,Critical,Think I clicked a phishing link by accident,1.6,3.5
3782,2025-09-17 10:27,Software,Low,Need Adobe Acrobat installed for contract review,9.9,3.5
3783,2025-09-17 15:19,Network_VPN,High,VPN client won't launch after latest update,5.2,3.6
3784,2025-09-17 16:39,Software,Critical,Need Adobe Acrobat installed for contract review,6.7,4.0
3785,2025-09-18 17:36,Security,High,Antivirus is flagging a file I downloaded,2.6,4.9
3786,2025-09-18 14:36,Account_Access,Medium,Locked out of my account after password expired,2.4,3.6
3787,2025-09-18 15:03,Security,High,Received a suspicious email asking for my password,1.6,4.1
3788,2025-09-18 18:57,Network_VPN,High,Very slow network speeds on corporate Wi-Fi,3.6,3.6
3789,2025-09-18 10:42,Account_Access,Medium,Requesting elevated access to the deployment pipeline,4.8,2.2
3790,2025-09-18 10:01,Network_VPN,Medium,Wi-Fi drops constantly in the east building,9.7,3.5
3791,2025-09-18 12:20,Network_VPN,Medium,Very slow network speeds on corporate Wi-Fi,10.1,3.3
3792,2025-09-18 10:24,Network_VPN,High,"Cannot connect to VPN, authentication failed error",5.6,3.6
3793,2025-09-18 15:16,Account_Access,High,Need access to the shared finance drive for a project,1.0,3.7
3794,2025-09-18 09:14,Network_VPN,High,VPN keeps disconnecting every few minutes,4.6,4.4
3795,2025-09-18 07:36,Printer,Low,Printer is printing blank pages,3.3,3.5
3796,2025-09-18 17:48,Network_VPN,High,Very slow network speeds on corporate Wi-Fi,1.3,3.9
3797,2025-09-18 08:05,Security,High,My laptop is acting strange after opening an attachment,1.2,3.7
3798,2025-09-19 17:21,Hardware,High,Battery drains fully within an hour,25.0,3.5
3799,2025-09-19 15:28,Security,High,My laptop is acting strange after opening an attachment,2.9,4.3
3800,2025-09-19 16:49,Account_Access,High,New hire needs accounts provisioned before start date,0.7,4.4
3801,2025-09-19 13:42,Hardware,Medium,Battery drains fully within an hour,35.4,4.8
3802,2025-09-19 12:22,Printer,Medium,Print jobs stuck in queue and won't clear,7.4,2.2
3803,2025-09-19 18:38,Hardware,Medium,Laptop won't power on at all,71.2,3.3
3804,2025-09-19 10:45,Network_VPN,Low,Very slow network speeds on corporate Wi-Fi,10.5,3.3
3805,2025-09-19 08:41,Printer,Low,Printer on 3rd floor is offline,5.0,3.4
3806,2025-09-19 08:33,Printer,Low,Print jobs stuck in queue and won't clear,7.5,2.8
3807,2025-09-19 13:06,Software,Medium,Requesting install of project management tool,19.0,2.8
3808,2025-09-19 08:46,Printer,Low,Can't add the new printer to my laptop,4.7,2.8
3809,2025-09-19 09:45,Software,Medium,License activation error on design software,15.4,3.5
3810,2025-09-19 12:58,Software,Medium,Requesting install of project management tool,8.6,3.6
3811,2025-09-19 08:35,Account_Access,High,New hire needs accounts provisioned before start date,2.4,4.8
3812,2025-09-19 15:17,Security,High,Think I clicked a phishing link by accident,2.1,4.8
3813,2025-09-19 09:10,Account_Access,High,Forgot my password and self-service reset isn't working,2.3,5.0
3814,2025-09-19 16:18,Printer,Low,Can't add the new printer to my laptop,3.0,4.3
3815,2025-09-19 08:17,Hardware,Medium,Battery drains fully within an hour,69.4,2.1
3816,2025-09-19 15:47,Account_Access,Medium,Forgot my password and self-service reset isn't working,5.0,3.4
3817,2025-09-19 18:12,Network_VPN,Critical,Very slow network speeds on corporate Wi-Fi,3.6,4.4
3818,2025-09-21 11:59,Printer,Low,Printer on 3rd floor is offline,6.1,3.5
3819,2025-09-22 09:44,Account_Access,Low,Need access to the shared finance drive for a project,3.8,2.5
3820,2025-09-22 09:32,Email,Medium,Emails to external clients are bouncing back,4.9,4.8
3821,2025-09-22 07:43,Network_VPN,High,Wi-Fi drops constantly in the east building,3.2,4.1
3822,2025-09-22 14:29,Security,High,Received a suspicious email asking for my password,2.7,3.8
3823,2025-09-22 09:49,Hardware,Critical,Docking station won't detect external monitor,5.6,4.3
3824,2025-09-22 17:56,Network_VPN,High,VPN keeps disconnecting every few minutes,6.4,3.6
3825,2025-09-22 09:37,Email,Medium,"Mailbox full, can't send or receive email",6.1,2.9
3826,2025-09-22 18:34,Printer,Low,Print jobs stuck in queue and won't clear,6.9,2.4
3827,2025-09-22 08:51,Email,High,"Mailbox full, can't send or receive email",2.8,3.7
3828,2025-09-22 13:35,Email,Medium,"Mailbox full, can't send or receive email",3.8,3.6
3829,2025-09-22 07:24,Email,High,Not receiving any emails since this morning,5.1,4.2
3830,2025-09-22 13:23,Account_Access,High,Requesting elevated access to the deployment pipeline,0.7,4.3
3831,2025-09-22 11:41,Account_Access,Medium,Forgot my password and self-service reset isn't working,5.1,3.2
3832,2025-09-22 10:45,Network_VPN,Medium,Very slow network speeds on corporate Wi-Fi,5.8,4.0
3833,2025-09-22 09:29,Account_Access,Medium,Requesting elevated access to the deployment pipeline,3.3,2.9
3834,2025-09-23 08:18,Network_VPN,Medium,"Cannot connect to VPN, authentication failed error",7.6,3.3
3835,2025-09-23 18:21,Security,Medium,Antivirus is flagging a file I downloaded,3.7,2.2
3836,2025-09-23 15:40,Security,High,Antivirus is flagging a file I downloaded,0.9,4.5
3837,2025-09-23 17:39,Email,Medium,"Mailbox full, can't send or receive email",6.8,3.5
3838,2025-09-23 11:58,Network_VPN,Critical,VPN client won't launch after latest update,1.4,3.9
3839,2025-09-23 10:12,Email,High,"Mailbox full, can't send or receive email",3.6,4.1
3840,2025-09-23 11:29,Software,High,Application keeps crashing on launch,9.3,4.9
3841,2025-09-23 10:14,Security,Critical,Think I clicked a phishing link by accident,1.4,4.0
3842,2025-09-23 08:05,Account_Access,High,Need access to the shared finance drive for a project,0.6,4.5
3843,2025-09-23 12:46,Software,High,License activation error on design software,7.1,4.1
3844,2025-09-23 17:17,Account_Access,High,Requesting elevated access to the deployment pipeline,1.6,4.5
3845,2025-09-23 11:46,Hardware,Medium,Docking station won't detect external monitor,58.3,3.1
3846,2025-09-23 12:36,Printer,High,Printer is printing blank pages,1.9,3.9
3847,2025-09-23 15:24,Hardware,Medium,Screen cracked after laptop bag fell,68.7,2.9
3848,2025-09-24 07:34,Hardware,Medium,Screen cracked after laptop bag fell,32.8,3.9
3849,2025-09-24 11:32,Software,Medium,Need Adobe Acrobat installed for contract review,22.8,3.4
3850,2025-09-24 12:36,Network_VPN,Medium,Wi-Fi drops constantly in the east building,7.4,2.2
3851,2025-09-24 10:00,Hardware,High,Screen cracked after laptop bag fell,10.2,4.8
3852,2025-09-24 08:17,Hardware,Medium,Screen cracked after laptop bag fell,41.9,3.1
3853,2025-09-24 11:41,Network_VPN,Critical,VPN keeps disconnecting every few minutes,1.8,5.0
3854,2025-09-24 08:19,Hardware,Medium,Battery drains fully within an hour,67.1,3.4
3855,2025-09-24 13:14,Printer,Low,Printer is printing blank pages,7.0,2.7
3856,2025-09-24 07:01,Software,Low,Requesting install of project management tool,23.4,3.0
3857,2025-09-24 09:09,Hardware,High,Laptop won't power on at all,22.0,4.0
3858,2025-09-25 12:10,Network_VPN,Medium,VPN client won't launch after latest update,11.4,2.8
3859,2025-09-25 15:51,Account_Access,High,Forgot my password and self-service reset isn't working,1.0,4.8
3860,2025-09-25 07:07,Hardware,High,Screen cracked after laptop bag fell,26.1,4.5
3861,2025-09-25 18:33,Hardware,Critical,Battery drains fully within an hour,19.9,4.5
3862,2025-09-25 14:29,Hardware,Critical,Screen cracked after laptop bag fell,17.9,3.8
3863,2025-09-25 10:29,Hardware,Medium,Laptop fan is extremely loud and it's overheating,56.9,2.6
3864,2025-09-25 17:44,Network_VPN,Critical,Wi-Fi drops constantly in the east building,2.8,3.6
3865,2025-09-25 12:20,Account_Access,High,Need access to the shared finance drive for a project,3.1,3.6
3866,2025-09-25 17:11,Software,Low,Need Adobe Acrobat installed for contract review,22.7,2.7
3867,2025-09-25 10:07,Printer,Low,Printer on 3rd floor is offline,4.4,3.0
3868,2025-09-25 08:49,Hardware,Medium,Laptop fan is extremely loud and it's overheating,70.5,3.0
3869,2025-09-26 08:12,Printer,Medium,Printer on 3rd floor is offline,3.6,3.6
3870,2025-09-26 09:58,Account_Access,Medium,Forgot my password and self-service reset isn't working,2.7,4.7
3871,2025-09-26 10:22,Printer,Medium,Print jobs stuck in queue and won't clear,6.1,2.7
3872,2025-09-26 17:43,Network_VPN,Critical,Wi-Fi drops constantly in the east building,2.0,4.8
3873,2025-09-26 14:14,Account_Access,Low,Need access to the shared finance drive for a project,2.7,4.5
3874,2025-09-26 11:23,Software,High,Application keeps crashing on launch,7.9,3.8
3875,2025-09-26 13:05,Email,High,Emails to external clients are bouncing back,2.0,3.8
3876,2025-09-26 14:02,Hardware,High,Laptop won't power on at all,7.1,3.6
3877,2025-09-26 15:51,Hardware,High,Docking station won't detect external monitor,30.8,3.7
3878,2025-09-26 09:25,Network_VPN,Medium,"Cannot connect to VPN, authentication failed error",5.1,4.2
3879,2025-09-26 17:11,Network_VPN,Medium,VPN client won't launch after latest update,11.7,3.0
3880,2025-09-26 18:48,Software,Medium,Requesting install of project management tool,21.5,2.7
3881,2025-09-26 11:08,Account_Access,High,Forgot my password and self-service reset isn't working,1.8,4.0
3882,2025-09-26 09:58,Network_VPN,Critical,"Cannot connect to VPN, authentication failed error",3.7,3.7
